{
    "swagger": "2.0",
    "info": {
        "termsOfService": "http:\/\/fortinet.com\/terms\/",
        "version": "v2",
        "contact": {
            "url": "http:\/\/modskristensen.net",
            "name": "FortiOS Web Application Team",
            "email": "fosguiqateam@fortinet.com"
        },
        "description": "REST API for configuring FortiOS objects and settings",
        "title": "FortiOS CMDB"
    },
    "host": "172.16.177.65",
    "basePath": "\/api\/v2\/cmdb",
    "schemes": [
        "https"
    ],
    "consumes": [
        "application\/json"
    ],
    "produces": [
        "application\/json"
    ],
    "securityDefinitions": {
        "APIKeyQueryParam": {
            "type": "apiKey",
            "name": "access_token",
            "in": "query"
        }
    },
    "security": [
        {
            "APIKeyQueryParam": []
        }
    ],
    "tags": [
        {
            "name": "credential-store\/domain-controller",
            "description": "Define known domain controller servers."
        }
    ],
    "paths": {
        "\/credential-store\/domain-controller\/{server-name}": {
            "get": {
                "summary": "Select a specific entry from a CLI table.\n Access Group: netgrp",
                "responses": {
                    "400": {
                        "description": "Bad Request: Request cannot be processed by the API"
                    },
                    "401": {
                        "description": "Not Authorized: Request without successful login session"
                    },
                    "403": {
                        "description": "Forbidden: Request is missing CSRF token or administrator is missing access profile permissions."
                    },
                    "404": {
                        "description": "Resource Not Found: Unable to find the specified resource."
                    },
                    "405": {
                        "description": "Method Not Allowed: Specified HTTP method is not allowed for this resource. "
                    },
                    "424": {
                        "description": "Failed Dependency: Fail dependency can be duplicate resource, missing required parameter, missing required attribute, invalid attribute value"
                    },
                    "200": {
                        "description": "OK: Request returns successful",
                        "schema": {
                            "properties": {
                                "server-name": {
                                    "type": "string",
                                    "description": "Name of the domain controller.",
                                    "maxLength": 63
                                },
                                "hostname": {
                                    "type": "string",
                                    "description": "Hostname of the server to connect to.",
                                    "maxLength": 255
                                },
                                "domain-name": {
                                    "type": "string",
                                    "description": "Fully qualified domain name (FQDN).",
                                    "maxLength": 255
                                },
                                "username": {
                                    "type": "string",
                                    "description": "User name to sign in with. Must have proper permissions for service.",
                                    "maxLength": 64
                                },
                                "password": {
                                    "type": "string",
                                    "format": "password",
                                    "description": "Password for specified username."
                                },
                                "port": {
                                    "type": "integer",
                                    "description": "Port number of service. Port number 0 indicates automatic discovery.",
                                    "maximum": 65535,
                                    "minimum": 0
                                },
                                "ip": {
                                    "type": "string",
                                    "format": "ipv4",
                                    "description": "IPv4 server address."
                                },
                                "ip6": {
                                    "type": "string",
                                    "format": "ipv6",
                                    "description": "IPv6 server address."
                                }
                            }
                        }
                    },
                    "500": {
                        "description": "Internal Server Error: Internal error when processing the request "
                    },
                    "413": {
                        "description": "Request Entity Too Large: Request cannot be processed due to large entity "
                    },
                    "429": {
                        "description": "Access temporarily blocked: Maximum failed authentications reached. The offended source is temporarily blocked for certain amount of time."
                    }
                },
                "parameters": [
                    {
                        "name": "datasource",
                        "in": "query",
                        "required": false,
                        "type": "boolean",
                        "description": "Enable to include datasource information for each linked object."
                    },
                    {
                        "name": "with_meta",
                        "in": "query",
                        "required": false,
                        "type": "boolean",
                        "description": "Enable to include meta information about each object (type id, references, etc)."
                    },
                    {
                        "name": "skip",
                        "in": "query",
                        "required": false,
                        "type": "boolean",
                        "description": "Enable to call CLI skip operator to hide skipped properties."
                    },
                    {
                        "name": "format",
                        "in": "query",
                        "description": "List of property names to include in results, separated by | (i.e. policyid|srcintf).",
                        "required": false,
                        "type": "array",
                        "collectionFormat": "pipes",
                        "items": {
                            "type": "string"
                        }
                    },
                    {
                        "name": "action",
                        "in": "query",
                        "description": "default: Return the CLI default values for this object type.\nschema: Return the CLI schema for this object type.\nrevision: Return the CMDB revision for this object type.\ntransaction-list: List all configuration transaction(s).\n",
                        "required": false,
                        "type": "string",
                        "enum": [
                            "default",
                            "schema",
                            "revision"
                        ]
                    },
                    {
                        "name": "vdom",
                        "in": "query",
                        "description": "Specify the Virtual Domain(s) from which results are returned or changes are applied to. If this parameter is not provided, the management VDOM will be used. If the admin does not have access to the VDOM, a permission error will be returned.\nThe URL parameter is one of:\nvdom=root (Single VDOM)\nvdom=vdom1,vdom2 (Multiple VDOMs)\nvdom=* (All VDOMs)\n",
                        "required": false,
                        "type": "array",
                        "collectionFormat": "csv",
                        "items": {
                            "type": "string"
                        }
                    },
                    {
                        "name": "server-name",
                        "in": "path",
                        "required": true,
                        "type": "string",
                        "description": "mkey"
                    }
                ],
                "tags": [
                    "credential-store\/domain-controller"
                ]
            },
            "put": {
                "summary": "Update this specific resource.\n Access Group: netgrp",
                "responses": {
                    "400": {
                        "description": "Bad Request: Request cannot be processed by the API"
                    },
                    "401": {
                        "description": "Not Authorized: Request without successful login session"
                    },
                    "403": {
                        "description": "Forbidden: Request is missing CSRF token or administrator is missing access profile permissions."
                    },
                    "404": {
                        "description": "Resource Not Found: Unable to find the specified resource."
                    },
                    "405": {
                        "description": "Method Not Allowed: Specified HTTP method is not allowed for this resource. "
                    },
                    "424": {
                        "description": "Failed Dependency: Fail dependency can be duplicate resource, missing required parameter, missing required attribute, invalid attribute value"
                    },
                    "200": {
                        "description": "OK: Request returns successful"
                    },
                    "500": {
                        "description": "Internal Server Error: Internal error when processing the request "
                    },
                    "413": {
                        "description": "Request Entity Too Large: Request cannot be processed due to large entity "
                    },
                    "429": {
                        "description": "Access temporarily blocked: Maximum failed authentications reached. The offended source is temporarily blocked for certain amount of time."
                    }
                },
                "parameters": [
                    {
                        "name": "body",
                        "in": "body",
                        "description": "Possible parameters to go in the body for the request",
                        "required": true,
                        "schema": {
                            "properties": {
                                "server-name": {
                                    "type": "string",
                                    "description": "Name of the domain controller.",
                                    "maxLength": 63
                                },
                                "hostname": {
                                    "type": "string",
                                    "description": "Hostname of the server to connect to.",
                                    "maxLength": 255
                                },
                                "domain-name": {
                                    "type": "string",
                                    "description": "Fully qualified domain name (FQDN).",
                                    "maxLength": 255
                                },
                                "username": {
                                    "type": "string",
                                    "description": "User name to sign in with. Must have proper permissions for service.",
                                    "maxLength": 64
                                },
                                "password": {
                                    "type": "string",
                                    "format": "password",
                                    "description": "Password for specified username."
                                },
                                "port": {
                                    "type": "integer",
                                    "description": "Port number of service. Port number 0 indicates automatic discovery.",
                                    "maximum": 65535,
                                    "minimum": 0
                                },
                                "ip": {
                                    "type": "string",
                                    "format": "ipv4",
                                    "description": "IPv4 server address."
                                },
                                "ip6": {
                                    "type": "string",
                                    "format": "ipv6",
                                    "description": "IPv6 server address."
                                }
                            }
                        }
                    },
                    {
                        "name": "vdom",
                        "in": "query",
                        "description": "Specify the Virtual Domain(s) from which results are returned or changes are applied to. If this parameter is not provided, the management VDOM will be used. If the admin does not have access to the VDOM, a permission error will be returned.\nThe URL parameter is one of:\nvdom=root (Single VDOM)\nvdom=vdom1,vdom2 (Multiple VDOMs)\nvdom=* (All VDOMs)\n",
                        "required": false,
                        "type": "array",
                        "collectionFormat": "csv",
                        "items": {
                            "type": "string"
                        }
                    },
                    {
                        "name": "action",
                        "in": "query",
                        "description": "If supported, an action can be specified.\n_move_: Move this specific resource.\nWhen *action=move* is set, one of the extra parameters (*before*, *after*) must be provided.\n__*Note:*__ If this parameter is provided when not supported, the action will be ignored and an \u201cinvalid request\u201d error will be returned.\n",
                        "required": false,
                        "type": "string",
                        "enum": [
                            "move"
                        ]
                    },
                    {
                        "name": "before",
                        "in": "query",
                        "description": "If *action=move*, use *before* to specify the ID of the resource that this resource will be moved before.\nFor example, to move `object 1` to before `object 2`, use:\n__action=move&before=2__\n__*Note:*__ This parameter can only be used when the *action* parameter is set to *move*.\n",
                        "required": false,
                        "type": "string"
                    },
                    {
                        "name": "after",
                        "in": "query",
                        "description": "If *action=move*, use *after* to specify the ID of the resource that this resource will be moved after.\nFor example, to move `object 1` to after `object 3`, use:\n__action=move&after=3__\n__*Note:*__ This parameter can only be used when the *action* parameter is set to *move*.\n",
                        "required": false,
                        "type": "string"
                    },
                    {
                        "name": "server-name",
                        "in": "path",
                        "required": true,
                        "type": "string",
                        "description": "mkey"
                    }
                ],
                "tags": [
                    "credential-store\/domain-controller"
                ]
            },
            "delete": {
                "summary": "Delete this specific resource.\n Access Group: netgrp",
                "responses": {
                    "400": {
                        "description": "Bad Request: Request cannot be processed by the API"
                    },
                    "401": {
                        "description": "Not Authorized: Request without successful login session"
                    },
                    "403": {
                        "description": "Forbidden: Request is missing CSRF token or administrator is missing access profile permissions."
                    },
                    "404": {
                        "description": "Resource Not Found: Unable to find the specified resource."
                    },
                    "405": {
                        "description": "Method Not Allowed: Specified HTTP method is not allowed for this resource. "
                    },
                    "424": {
                        "description": "Failed Dependency: Fail dependency can be duplicate resource, missing required parameter, missing required attribute, invalid attribute value"
                    },
                    "200": {
                        "description": "OK: Request returns successful"
                    },
                    "500": {
                        "description": "Internal Server Error: Internal error when processing the request "
                    },
                    "413": {
                        "description": "Request Entity Too Large: Request cannot be processed due to large entity "
                    },
                    "429": {
                        "description": "Access temporarily blocked: Maximum failed authentications reached. The offended source is temporarily blocked for certain amount of time."
                    }
                },
                "parameters": [
                    {
                        "name": "server-name",
                        "in": "path",
                        "required": true,
                        "type": "string",
                        "description": "mkey"
                    },
                    {
                        "name": "vdom",
                        "in": "query",
                        "description": "Specify the Virtual Domain(s) from which results are returned or changes are applied to. If this parameter is not provided, the management VDOM will be used. If the admin does not have access to the VDOM, a permission error will be returned.\nThe URL parameter is one of:\nvdom=root (Single VDOM)\nvdom=vdom1,vdom2 (Multiple VDOMs)\nvdom=* (All VDOMs)\n",
                        "required": false,
                        "type": "array",
                        "collectionFormat": "csv",
                        "items": {
                            "type": "string"
                        }
                    }
                ],
                "tags": [
                    "credential-store\/domain-controller"
                ]
            }
        },
        "\/credential-store\/domain-controller": {
            "get": {
                "summary": "Select all entries in a CLI table.\n Access Group: netgrp",
                "responses": {
                    "400": {
                        "description": "Bad Request: Request cannot be processed by the API"
                    },
                    "401": {
                        "description": "Not Authorized: Request without successful login session"
                    },
                    "403": {
                        "description": "Forbidden: Request is missing CSRF token or administrator is missing access profile permissions."
                    },
                    "404": {
                        "description": "Resource Not Found: Unable to find the specified resource."
                    },
                    "405": {
                        "description": "Method Not Allowed: Specified HTTP method is not allowed for this resource. "
                    },
                    "424": {
                        "description": "Failed Dependency: Fail dependency can be duplicate resource, missing required parameter, missing required attribute, invalid attribute value"
                    },
                    "200": {
                        "description": "OK: Request returns successful",
                        "schema": {
                            "properties": {
                                "server-name": {
                                    "type": "string",
                                    "description": "Name of the domain controller.",
                                    "maxLength": 63
                                },
                                "hostname": {
                                    "type": "string",
                                    "description": "Hostname of the server to connect to.",
                                    "maxLength": 255
                                },
                                "domain-name": {
                                    "type": "string",
                                    "description": "Fully qualified domain name (FQDN).",
                                    "maxLength": 255
                                },
                                "username": {
                                    "type": "string",
                                    "description": "User name to sign in with. Must have proper permissions for service.",
                                    "maxLength": 64
                                },
                                "password": {
                                    "type": "string",
                                    "format": "password",
                                    "description": "Password for specified username."
                                },
                                "port": {
                                    "type": "integer",
                                    "description": "Port number of service. Port number 0 indicates automatic discovery.",
                                    "maximum": 65535,
                                    "minimum": 0
                                },
                                "ip": {
                                    "type": "string",
                                    "format": "ipv4",
                                    "description": "IPv4 server address."
                                },
                                "ip6": {
                                    "type": "string",
                                    "format": "ipv6",
                                    "description": "IPv6 server address."
                                }
                            }
                        }
                    },
                    "500": {
                        "description": "Internal Server Error: Internal error when processing the request "
                    },
                    "413": {
                        "description": "Request Entity Too Large: Request cannot be processed due to large entity "
                    },
                    "429": {
                        "description": "Access temporarily blocked: Maximum failed authentications reached. The offended source is temporarily blocked for certain amount of time."
                    }
                },
                "parameters": [
                    {
                        "name": "datasource",
                        "in": "query",
                        "required": false,
                        "type": "boolean",
                        "description": "Enable to include datasource information for each linked object."
                    },
                    {
                        "name": "start",
                        "in": "query",
                        "required": false,
                        "type": "integer",
                        "description": "Starting entry index."
                    },
                    {
                        "name": "count",
                        "in": "query",
                        "required": false,
                        "type": "integer",
                        "description": "Maximum number of entries to return."
                    },
                    {
                        "name": "with_meta",
                        "in": "query",
                        "required": false,
                        "type": "boolean",
                        "description": "Enable to include meta information about each object (type id, references, etc)."
                    },
                    {
                        "name": "with_contents_hash",
                        "in": "query",
                        "required": false,
                        "type": "boolean",
                        "description": "Enable to include a checksum of each object's contents."
                    },
                    {
                        "name": "skip",
                        "in": "query",
                        "required": false,
                        "type": "boolean",
                        "description": "Enable to call CLI skip operator to hide skipped properties."
                    },
                    {
                        "name": "format",
                        "in": "query",
                        "description": "List of property names to include in results, separated by | (i.e. policyid|srcintf).",
                        "required": false,
                        "type": "array",
                        "collectionFormat": "pipes",
                        "items": {
                            "type": "string"
                        }
                    },
                    {
                        "name": "filter",
                        "in": "query",
                        "description": "Filtering multiple key\/value pairs\nOperator     |   Description\n==     |   Case insensitive match with pattern.\n!=     |    Does not match with pattern (case insensitive).\n=@     |    Pattern found in object value (case insensitive).\n!@     |    \ufeffPattern not\ufeff found in object value (case insensitive).\n<=     |    Value must be less than or equal to \ufeffpattern\ufeff.\n<     |    Value must be less than pattern\ufeff.\n.>=    |    Value must be greater than or equal to \ufeffpattern\ufeff.\n.>     |    Value must be greater than \ufeffpattern\ufeff.\nLogical OR    |    Separate filters using commas ','\nLogical AND    |    Filter strings can be combined to create logical AND queries by including multiple filters in the request.\nCombining AND and OR    |    You can combine AND and OR filters together to create more complex filters.\n",
                        "required": false,
                        "type": "array",
                        "collectionFormat": "multi",
                        "items": {
                            "type": "string"
                        }
                    },
                    {
                        "name": "key",
                        "in": "query",
                        "required": false,
                        "type": "string",
                        "description": "If present, objects will be filtered on property with this name."
                    },
                    {
                        "name": "pattern",
                        "in": "query",
                        "required": false,
                        "type": "string",
                        "description": "If present, objects will be filtered on property with this value."
                    },
                    {
                        "name": "scope",
                        "in": "query",
                        "required": false,
                        "type": "string",
                        "description": "Scope [global|vdom|both*]"
                    },
                    {
                        "name": "exclude-default-values",
                        "in": "query",
                        "required": false,
                        "type": "boolean",
                        "description": "Exclude properties\/objects with default value"
                    },
                    {
                        "name": "action",
                        "in": "query",
                        "description": "default: Return the CLI default values for entire CLI tree.\nmeta: Return meta data for a specific object, table, or the entire CLI tree.\nschema: Return schema for entire CLI tree.\n",
                        "required": false,
                        "type": "string",
                        "enum": [
                            "default",
                            "schema"
                        ]
                    },
                    {
                        "name": "vdom",
                        "in": "query",
                        "description": "Specify the Virtual Domain(s) from which results are returned or changes are applied to. If this parameter is not provided, the management VDOM will be used. If the admin does not have access to the VDOM, a permission error will be returned.\nThe URL parameter is one of:\nvdom=root (Single VDOM)\nvdom=vdom1,vdom2 (Multiple VDOMs)\nvdom=* (All VDOMs)\n",
                        "required": false,
                        "type": "array",
                        "collectionFormat": "csv",
                        "items": {
                            "type": "string"
                        }
                    }
                ],
                "tags": [
                    "credential-store\/domain-controller"
                ]
            },
            "post": {
                "summary": "Create object(s) in this table.\n Access Group: netgrp",
                "responses": {
                    "400": {
                        "description": "Bad Request: Request cannot be processed by the API"
                    },
                    "401": {
                        "description": "Not Authorized: Request without successful login session"
                    },
                    "403": {
                        "description": "Forbidden: Request is missing CSRF token or administrator is missing access profile permissions."
                    },
                    "404": {
                        "description": "Resource Not Found: Unable to find the specified resource."
                    },
                    "405": {
                        "description": "Method Not Allowed: Specified HTTP method is not allowed for this resource. "
                    },
                    "424": {
                        "description": "Failed Dependency: Fail dependency can be duplicate resource, missing required parameter, missing required attribute, invalid attribute value"
                    },
                    "200": {
                        "description": "OK: Request returns successful"
                    },
                    "500": {
                        "description": "Internal Server Error: Internal error when processing the request "
                    },
                    "413": {
                        "description": "Request Entity Too Large: Request cannot be processed due to large entity "
                    },
                    "429": {
                        "description": "Access temporarily blocked: Maximum failed authentications reached. The offended source is temporarily blocked for certain amount of time."
                    }
                },
                "parameters": [
                    {
                        "name": "body",
                        "in": "body",
                        "description": "Possible parameters to go in the body for the request",
                        "required": true,
                        "schema": {
                            "properties": {
                                "server-name": {
                                    "type": "string",
                                    "description": "Name of the domain controller.",
                                    "maxLength": 63
                                },
                                "hostname": {
                                    "type": "string",
                                    "description": "Hostname of the server to connect to.",
                                    "maxLength": 255
                                },
                                "domain-name": {
                                    "type": "string",
                                    "description": "Fully qualified domain name (FQDN).",
                                    "maxLength": 255
                                },
                                "username": {
                                    "type": "string",
                                    "description": "User name to sign in with. Must have proper permissions for service.",
                                    "maxLength": 64
                                },
                                "password": {
                                    "type": "string",
                                    "format": "password",
                                    "description": "Password for specified username."
                                },
                                "port": {
                                    "type": "integer",
                                    "description": "Port number of service. Port number 0 indicates automatic discovery.",
                                    "maximum": 65535,
                                    "minimum": 0
                                },
                                "ip": {
                                    "type": "string",
                                    "format": "ipv4",
                                    "description": "IPv4 server address."
                                },
                                "ip6": {
                                    "type": "string",
                                    "format": "ipv6",
                                    "description": "IPv6 server address."
                                }
                            }
                        }
                    },
                    {
                        "name": "vdom",
                        "in": "query",
                        "description": "Specify the Virtual Domain(s) from which results are returned or changes are applied to. If this parameter is not provided, the management VDOM will be used. If the admin does not have access to the VDOM, a permission error will be returned.\nThe URL parameter is one of:\nvdom=root (Single VDOM)\nvdom=vdom1,vdom2 (Multiple VDOMs)\nvdom=* (All VDOMs)\n",
                        "required": false,
                        "type": "array",
                        "collectionFormat": "csv",
                        "items": {
                            "type": "string"
                        }
                    },
                    {
                        "name": "action",
                        "in": "query",
                        "description": "If supported, an action can be specified.\n_clone_: Clone this specific resource.\nWhen *action=clone* is set, the extra parameters *nkey* must be provided.\n__*Note:*__ If this parameter is provided when not supported, the action will be ignored and an \u201cinvalid request\u201d error will be returned.\n",
                        "required": false,
                        "type": "string",
                        "enum": [
                            "clone"
                        ]
                    },
                    {
                        "name": "nkey",
                        "in": "query",
                        "description": " If *action=clone*, use *nkey* to specify the ID for the new resource to be created.\nFor example, to clone `address1` to `address1_clone`, use:\n__action=clone&nkey=address1_clone__\n__*Note:*__ This parameter can only be used when the *action* parameter is set to *clone*.\n",
                        "required": false,
                        "type": "string"
                    }
                ],
                "tags": [
                    "credential-store\/domain-controller"
                ]
            }
        }
    }
}