{
    "swagger": "2.0",
    "info": {
        "termsOfService": "http:\/\/fortinet.com\/terms\/",
        "version": "v2",
        "contact": {
            "url": "http:\/\/modskristensen.net",
            "name": "FortiOS Web Application Team",
            "email": "fosguiqateam@fortinet.com"
        },
        "description": "REST API for configuring FortiOS objects and settings",
        "title": "FortiOS Monitor"
    },
    "host": "172.16.177.65",
    "basePath": "\/api\/v2\/monitor",
    "schemes": [
        "https"
    ],
    "consumes": [
        "application\/json"
    ],
    "produces": [
        "application\/json"
    ],
    "securityDefinitions": {
        "APIKeyQueryParam": {
            "type": "apiKey",
            "name": "access_token",
            "in": "query"
        }
    },
    "security": [
        {
            "APIKeyQueryParam": []
        }
    ],
    "paths": {
        "\/extender-controller\/extender": {
            "get": {
                "summary": "Retrieve statistics for specific configured FortiExtender units.\nAccess Group: netgrp.cfg",
                "responses": {
                    "400": {
                        "description": "Bad Request: Request cannot be processed by the API"
                    },
                    "401": {
                        "description": "Not Authorized: Request without successful login session"
                    },
                    "403": {
                        "description": "Forbidden: Request is missing CSRF token or administrator is missing access profile permissions."
                    },
                    "404": {
                        "description": "Resource Not Found: Unable to find the specified resource."
                    },
                    "405": {
                        "description": "Method Not Allowed: Specified HTTP method is not allowed for this resource. "
                    },
                    "424": {
                        "description": "Failed Dependency: Fail dependency can be duplicate resource, missing required parameter, missing required attribute, invalid attribute value"
                    },
                    "200": {
                        "description": "OK: Request returns successful",
                        "schema": {
                            "title": "FortiExtender Information",
                            "description": "Retrieve detailed information for a FortiExtender.",
                            "type": "array",
                            "items": {
                                "title": "FortiExtender Information",
                                "description": "Details for a FortiExtender.",
                                "type": "object",
                                "required": [
                                    "name"
                                ],
                                "properties": {
                                    "name": {
                                        "type": "string",
                                        "title": "Name",
                                        "description": "FortiExtender name."
                                    },
                                    "id": {
                                        "type": "string",
                                        "title": "ID",
                                        "description": "FortiExtender ID."
                                    },
                                    "system": {
                                        "type": "object",
                                        "title": "System Information",
                                        "description": "FortiExtender system information.",
                                        "properties": {
                                            "cpu": {
                                                "type": "integer",
                                                "title": "CPU Usage",
                                                "description": "Current CPU usage (percentage) of the FortiExtender."
                                            },
                                            "memory": {
                                                "type": "integer",
                                                "title": "Memory Usage",
                                                "description": "Current memory usage (percentage) of the FortiExtender."
                                            },
                                            "ip": {
                                                "type": "string",
                                                "title": "IP Address",
                                                "description": "IP address of the FortiExtender."
                                            },
                                            "software_version": {
                                                "type": "string",
                                                "title": "Software Version",
                                                "description": "Software version of the FortiExtender."
                                            },
                                            "hardware_version": {
                                                "type": "string",
                                                "title": "Hardware Version",
                                                "description": "Hardware version of the FortiExtender."
                                            },
                                            "mac": {
                                                "type": "string",
                                                "title": "MAC Address",
                                                "description": "MAC address of the FortiExtender."
                                            },
                                            "netmask": {
                                                "type": "string",
                                                "title": "Netmask",
                                                "description": "Netmask for the FortiExtender's IP address."
                                            },
                                            "gateway": {
                                                "type": "string",
                                                "title": "Gateway",
                                                "description": "Network gateway of the FortiExtender."
                                            },
                                            "addr_type": {
                                                "type": "string",
                                                "title": "Address Type",
                                                "description": "IP address type of the FortiExtender."
                                            },
                                            "fgt_ip": {
                                                "type": "string",
                                                "title": "FortiGate IP",
                                                "description": "IP address of the FortiGate to which the FortiExtender is attached."
                                            },
                                            "gps_lat": {
                                                "type": "string",
                                                "title": "Latitude",
                                                "description": "Extender latitude."
                                            },
                                            "gps_long": {
                                                "type": "string",
                                                "title": "Longitude",
                                                "description": "Extender longitude."
                                            },
                                            "error": {
                                                "type": "integer",
                                                "title": "Error",
                                                "description": "Error code when retrieving system information."
                                            }
                                        }
                                    },
                                    "usage": {
                                        "type": "object",
                                        "title": "Usage",
                                        "description": "Data usage for the current month.",
                                        "properties": {
                                            "rx": {
                                                "type": "integer",
                                                "title": "RX",
                                                "description": "Amount of received data, in bytes."
                                            },
                                            "tx": {
                                                "type": "integer",
                                                "title": "TX",
                                                "description": "Amount of transmitted data, in bytes."
                                            },
                                            "error": {
                                                "type": "integer",
                                                "title": "Error",
                                                "description": "Error code for retrieving data usage for the current month."
                                            }
                                        }
                                    },
                                    "last": {
                                        "type": "object",
                                        "title": "Last",
                                        "description": "Data usage for the last month.",
                                        "properties": {
                                            "rx": {
                                                "type": "integer",
                                                "title": "RX",
                                                "description": "Amount of received data, in bytes."
                                            },
                                            "tx": {
                                                "type": "integer",
                                                "title": "TX",
                                                "description": "Amount of transmitted data, in bytes."
                                            },
                                            "error": {
                                                "type": "integer",
                                                "title": "Error",
                                                "description": "Error code for retrieving data usage for the last month."
                                            }
                                        }
                                    }
                                },
                                "additionalProperties": {
                                    "type": "object",
                                    "title": "Modem Information",
                                    "description": "FortiExtender modem information.",
                                    "properties": {
                                        "data_plan": {
                                            "type": "string",
                                            "title": "Data Plan",
                                            "description": "Data plan assigned to this modem."
                                        },
                                        "physical_port": {
                                            "type": "string",
                                            "title": "Physical Port",
                                            "description": "Physical port the modem is attached to."
                                        },
                                        "manufacturer": {
                                            "type": "string",
                                            "title": "Manufacturer",
                                            "description": "Modem manufacturer."
                                        },
                                        "product": {
                                            "type": "string",
                                            "title": "Product",
                                            "description": "Modem product name."
                                        },
                                        "model": {
                                            "type": "string",
                                            "title": "Model",
                                            "description": "Modem model type."
                                        },
                                        "revision": {
                                            "type": "string",
                                            "title": "Revision",
                                            "description": "Modem revision."
                                        },
                                        "imsi": {
                                            "type": "string",
                                            "title": "IMSI",
                                            "description": "International mobile subscriber identity of the modem."
                                        },
                                        "pin_status": {
                                            "type": "string",
                                            "title": "PIN Status",
                                            "description": "PIN status.",
                                            "enum": [
                                                "",
                                                "enable",
                                                "disable"
                                            ]
                                        },
                                        "service": {
                                            "type": "string",
                                            "title": "Service",
                                            "description": "Network service."
                                        },
                                        "signal_strength": {
                                            "type": "string",
                                            "title": "Signal Strength",
                                            "description": "Signal strength."
                                        },
                                        "rssi": {
                                            "type": "string",
                                            "title": "RSSI",
                                            "description": "Received signal strength indicator."
                                        },
                                        "connect_status": {
                                            "type": "string",
                                            "title": "Connection Status",
                                            "description": "Connection status.",
                                            "enum": [
                                                "CONN_STATE_INVALID",
                                                "CONN_STATE_CONFIG",
                                                "CONN_STATE_MDM_INIT",
                                                "CONN_STATE_MDM_RESET_INIT",
                                                "CONN_STATE_SELECT_SIM",
                                                "CONN_STATE_MDM_FW_UPGRADE",
                                                "CONN_STATE_START_SESSION",
                                                "CONN_STATE_CONNECTED",
                                                "CONN_STATE_DISCONNECTED",
                                                "CONN_STATE_MDM_PLUGOUT",
                                                "CONN_STATE_IDLE",
                                                "CONN_STATE_FAILURE_SAFE"
                                            ]
                                        },
                                        "gsm_profile": {
                                            "type": "array",
                                            "title": "GSM Profiles",
                                            "description": "List of GSM profiles.",
                                            "items": {
                                                "title": "GSM Profile",
                                                "description": "Details for a GSM profile.",
                                                "type": "object",
                                                "properties": {
                                                    "cid": {
                                                        "type": "string",
                                                        "title": "CID",
                                                        "description": "Cell ID of a GSM profile."
                                                    },
                                                    "apn": {
                                                        "type": "string",
                                                        "title": "APN",
                                                        "description": "Access Point Name of a GSM profile."
                                                    }
                                                }
                                            }
                                        },
                                        "cdma_profile": {
                                            "type": "object",
                                            "title": "CDMA Profile",
                                            "description": "CDMA profile.",
                                            "properties": {
                                                "NAI": {
                                                    "type": "string",
                                                    "title": "NAI",
                                                    "description": "Network access identifier."
                                                },
                                                "idx": {
                                                    "type": "string",
                                                    "title": "Index",
                                                    "description": "Index."
                                                },
                                                "status": {
                                                    "type": "string",
                                                    "title": "Status",
                                                    "description": "Status."
                                                },
                                                "home_addr": {
                                                    "type": "string",
                                                    "title": "Home Address",
                                                    "description": "Home address."
                                                },
                                                "primary_ha": {
                                                    "type": "string",
                                                    "title": "Primary HA",
                                                    "description": "Primary home agent."
                                                },
                                                "secondary_ha": {
                                                    "type": "string",
                                                    "title": "Secondary HA",
                                                    "description": "Secondary home agent."
                                                },
                                                "aaa_spi": {
                                                    "type": "string",
                                                    "title": "AAA SPI",
                                                    "description": "AAA security parameter index."
                                                },
                                                "ha_spi": {
                                                    "type": "string",
                                                    "title": "HA SPI",
                                                    "description": "HA security parameter index."
                                                }
                                            }
                                        },
                                        "esn_imei": {
                                            "type": "string",
                                            "title": "ESN IMEI",
                                            "description": "International mobile equipment identity."
                                        },
                                        "activation_status": {
                                            "type": "string",
                                            "title": "Activation Status",
                                            "description": "Activation status."
                                        },
                                        "roaming_status": {
                                            "type": "string",
                                            "title": "Roaming Status",
                                            "description": "Roaming service status."
                                        },
                                        "usim_status": {
                                            "type": "string",
                                            "title": "USIM Status",
                                            "description": "USIM status."
                                        },
                                        "oma_dm_version": {
                                            "type": "string",
                                            "title": "OMA DM Version",
                                            "description": "OMA device management version."
                                        },
                                        "plmn": {
                                            "type": "string",
                                            "title": "PLMN",
                                            "description": "Public land mobile network."
                                        },
                                        "band": {
                                            "type": "string",
                                            "title": "Band",
                                            "description": "Frequency band."
                                        },
                                        "signal_rsrq": {
                                            "type": "string",
                                            "title": "RSRQ",
                                            "description": "Reference signal received quality."
                                        },
                                        "signal_rsrp": {
                                            "type": "string",
                                            "title": "RSRP",
                                            "description": "Reference signal received power."
                                        },
                                        "lte_sinr": {
                                            "type": "string",
                                            "title": "LTE SINR",
                                            "description": "LTE signal-to-interference-plus-noise ratio."
                                        },
                                        "lte_rssi": {
                                            "type": "string",
                                            "title": "LTE RSSI",
                                            "description": "LTE Received signal strength indicator."
                                        },
                                        "lte_rs_throughput": {
                                            "type": "string",
                                            "title": "RS Throughput",
                                            "description": "RS throughput."
                                        },
                                        "lte_ts_throughput": {
                                            "type": "string",
                                            "title": "TS Throughput",
                                            "description": "TS throughput."
                                        },
                                        "lte_physical_cellid": {
                                            "type": "string",
                                            "title": "LTE Physical CID",
                                            "description": "LTE physical cell ID."
                                        },
                                        "modem_type": {
                                            "type": "string",
                                            "title": "Modem Type",
                                            "description": "Modem type."
                                        },
                                        "drc_cdma_evdo": {
                                            "type": "string",
                                            "title": "DRC CDMA EV-DO",
                                            "description": "DRC index of EV-DO."
                                        },
                                        "current_snr": {
                                            "type": "string",
                                            "title": "Current SNR",
                                            "description": "Current signal-to-noise ratio."
                                        },
                                        "wireless_operator": {
                                            "type": "string",
                                            "title": "Wireless Operator",
                                            "description": "Wireless operator."
                                        },
                                        "operating_mode": {
                                            "type": "string",
                                            "title": "Operating Mode",
                                            "description": "Current operating mode."
                                        },
                                        "wireless_signal": {
                                            "type": "string",
                                            "title": "Wireless Signal",
                                            "description": "Wireless signal strength."
                                        },
                                        "usb_wan_mac": {
                                            "type": "string",
                                            "title": "USB WAN MAC",
                                            "description": "WAN MAC address of USB."
                                        },
                                        "error": {
                                            "type": "integer",
                                            "title": "Error",
                                            "description": "Error code for retrieving modem information."
                                        }
                                    },
                                    "additionalProperties": {
                                        "type": "object",
                                        "title": "SIM Information",
                                        "description": "SIM information.",
                                        "properties": {
                                            "carrier": {
                                                "type": "string",
                                                "title": "Carrier",
                                                "description": "Network carrier."
                                            },
                                            "phone_number": {
                                                "type": "string",
                                                "title": "Phone Number",
                                                "description": "SIM phone number."
                                            },
                                            "status": {
                                                "type": "string",
                                                "title": "Status",
                                                "description": "Status."
                                            },
                                            "is_active": {
                                                "type": "integer",
                                                "title": "Active SIM",
                                                "description": "True when this SIM is the active SIM."
                                            },
                                            "imsi": {
                                                "type": "string",
                                                "title": "IMSI",
                                                "description": "IMSI number."
                                            },
                                            "iccid": {
                                                "type": "string",
                                                "title": "ICCID",
                                                "description": "SIM ICCID."
                                            },
                                            "maximum_allowed_data": {
                                                "type": "integer",
                                                "title": "Data Limit",
                                                "description": "Data limit for the SIM, in MB."
                                            },
                                            "overage_allowed": {
                                                "type": "string",
                                                "title": "Overage Allowed",
                                                "description": "True when data overages are allowed for this SIM."
                                            },
                                            "next_billing_date": {
                                                "type": "string",
                                                "title": "Next Billing Date",
                                                "description": "Next billing date."
                                            },
                                            "data_usage": {
                                                "type": "integer",
                                                "title": "Data Usage",
                                                "description": "Current cycle data usage, in MB."
                                            },
                                            "slot": {
                                                "type": "integer",
                                                "title": "SIM",
                                                "description": "SIM number."
                                            },
                                            "modem": {
                                                "type": "integer",
                                                "title": "Modem",
                                                "description": "ID of the modem containing the SIM."
                                            }
                                        }
                                    }
                                }
                            }
                        }
                    },
                    "500": {
                        "description": "Internal Server Error: Internal error when processing the request "
                    },
                    "413": {
                        "description": "Request Entity Too Large: Request cannot be processed due to large entity "
                    },
                    "429": {
                        "description": "Access temporarily blocked: Maximum failed authentications reached. The offended source is temporarily blocked for certain amount of time."
                    }
                },
                "parameters": [
                    {
                        "name": "id",
                        "in": "query",
                        "description": "FortiExtender ID.",
                        "required": true,
                        "type": "string"
                    },
                    {
                        "name": "name",
                        "in": "query",
                        "description": "List of FortiExtender IDs to query.",
                        "required": false,
                        "type": "array",
                        "items": {
                            "type": "string"
                        }
                    },
                    {
                        "name": "type",
                        "in": "query",
                        "description": "Statistic type.'type' options are [system | modem | usage | last]. If 'type' is not specified, all types of statistics are retrieved.",
                        "required": false,
                        "type": "string"
                    }
                ],
                "tags": [
                    "extender-controller"
                ]
            }
        },
        "\/extender-controller\/extender\/diagnose": {
            "post": {
                "summary": "Execute diagnotic commands.\nAccess Group: netgrp.cfg",
                "responses": {
                    "400": {
                        "description": "Bad Request: Request cannot be processed by the API"
                    },
                    "401": {
                        "description": "Not Authorized: Request without successful login session"
                    },
                    "403": {
                        "description": "Forbidden: Request is missing CSRF token or administrator is missing access profile permissions."
                    },
                    "404": {
                        "description": "Resource Not Found: Unable to find the specified resource."
                    },
                    "405": {
                        "description": "Method Not Allowed: Specified HTTP method is not allowed for this resource. "
                    },
                    "424": {
                        "description": "Failed Dependency: Fail dependency can be duplicate resource, missing required parameter, missing required attribute, invalid attribute value"
                    },
                    "200": {
                        "description": "OK: Request returns successful",
                        "schema": {
                            "title": "Diagnose Extender",
                            "description": "Run diagnostic commands for a FortiExtender.",
                            "type": "object",
                            "properties": {
                                "result": {
                                    "title": "Diagnostic Result",
                                    "description": "Result of the diagnostic command.",
                                    "type": "string"
                                },
                                "error": {
                                    "title": "Diagnostic Error Code",
                                    "description": "Error code received while running the diagnostic command.",
                                    "type": "integer"
                                }
                            }
                        }
                    },
                    "500": {
                        "description": "Internal Server Error: Internal error when processing the request "
                    },
                    "413": {
                        "description": "Request Entity Too Large: Request cannot be processed due to large entity "
                    },
                    "429": {
                        "description": "Access temporarily blocked: Maximum failed authentications reached. The offended source is temporarily blocked for certain amount of time."
                    }
                },
                "parameters": [
                    {
                        "name": "body",
                        "in": "body",
                        "description": "Possible parameters to go in the body for the request.",
                        "required": true,
                        "schema": {
                            "properties": {
                                "id": {
                                    "description": "FortiExtender ID.",
                                    "type": "string"
                                },
                                "cmd": {
                                    "description": "Command to execute.",
                                    "type": "string"
                                }
                            }
                        }
                    }
                ],
                "tags": [
                    "extender-controller"
                ]
            }
        },
        "\/extender-controller\/extender\/reset": {
            "post": {
                "summary": "Reset a specific FortiExtender unit.\nAccess Group: netgrp.cfg",
                "responses": {
                    "400": {
                        "description": "Bad Request: Request cannot be processed by the API"
                    },
                    "401": {
                        "description": "Not Authorized: Request without successful login session"
                    },
                    "403": {
                        "description": "Forbidden: Request is missing CSRF token or administrator is missing access profile permissions."
                    },
                    "404": {
                        "description": "Resource Not Found: Unable to find the specified resource."
                    },
                    "405": {
                        "description": "Method Not Allowed: Specified HTTP method is not allowed for this resource. "
                    },
                    "424": {
                        "description": "Failed Dependency: Fail dependency can be duplicate resource, missing required parameter, missing required attribute, invalid attribute value"
                    },
                    "200": {
                        "description": "OK: Request returns successful"
                    },
                    "500": {
                        "description": "Internal Server Error: Internal error when processing the request "
                    },
                    "413": {
                        "description": "Request Entity Too Large: Request cannot be processed due to large entity "
                    },
                    "429": {
                        "description": "Access temporarily blocked: Maximum failed authentications reached. The offended source is temporarily blocked for certain amount of time."
                    }
                },
                "parameters": [
                    {
                        "name": "body",
                        "in": "body",
                        "description": "Possible parameters to go in the body for the request.",
                        "required": true,
                        "schema": {
                            "properties": {
                                "id": {
                                    "description": "FortiExtender ID to reset.",
                                    "type": "string"
                                }
                            }
                        }
                    }
                ],
                "tags": [
                    "extender-controller"
                ]
            }
        },
        "\/extender-controller\/extender\/upgrade": {
            "post": {
                "summary": "Upgrade FortiExtender.\nAccess Group: sysgrp.mnt",
                "responses": {
                    "400": {
                        "description": "Bad Request: Request cannot be processed by the API"
                    },
                    "401": {
                        "description": "Not Authorized: Request without successful login session"
                    },
                    "403": {
                        "description": "Forbidden: Request is missing CSRF token or administrator is missing access profile permissions."
                    },
                    "404": {
                        "description": "Resource Not Found: Unable to find the specified resource."
                    },
                    "405": {
                        "description": "Method Not Allowed: Specified HTTP method is not allowed for this resource. "
                    },
                    "424": {
                        "description": "Failed Dependency: Fail dependency can be duplicate resource, missing required parameter, missing required attribute, invalid attribute value"
                    },
                    "200": {
                        "description": "OK: Request returns successful",
                        "schema": {
                            "title": "Upgrade FortiExtender",
                            "description": "Upload firmware image for upgrading FortiExtender.",
                            "type": "object",
                            "properties": {
                                "status": {
                                    "type": "string",
                                    "title": "Status",
                                    "description": "Result of upgrading the FortiExtender.",
                                    "enum": [
                                        "success"
                                    ]
                                },
                                "error": {
                                    "type": "integer",
                                    "title": "Error",
                                    "description": "Error code for the FortiExtender upgrade failure."
                                }
                            }
                        }
                    },
                    "500": {
                        "description": "Internal Server Error: Internal error when processing the request "
                    },
                    "413": {
                        "description": "Request Entity Too Large: Request cannot be processed due to large entity "
                    },
                    "429": {
                        "description": "Access temporarily blocked: Maximum failed authentications reached. The offended source is temporarily blocked for certain amount of time."
                    }
                },
                "parameters": [
                    {
                        "name": "body",
                        "in": "body",
                        "description": "Possible parameters to go in the body for the request.",
                        "required": true,
                        "schema": {
                            "properties": {
                                "id": {
                                    "description": "FortiExtender ID to upgrade.",
                                    "type": "string"
                                },
                                "file_content": {
                                    "description": "Provided when uploading a file: base64 encoded file data. Must not contain whitespace or other invalid base64 characters. Must be included in HTTP body.",
                                    "type": "string"
                                }
                            }
                        }
                    }
                ],
                "tags": [
                    "extender-controller"
                ]
            }
        }
    }
}