{
    "swagger": "2.0",
    "info": {
        "termsOfService": "http:\/\/fortinet.com\/terms\/",
        "version": "v2",
        "contact": {
            "url": "http:\/\/modskristensen.net",
            "name": "FortiOS Web Application Team",
            "email": "fosguiqateam@fortinet.com"
        },
        "description": "REST API for configuring FortiOS objects and settings",
        "title": "FortiOS Monitor"
    },
    "host": "172.16.177.65",
    "basePath": "\/api\/v2\/monitor",
    "schemes": [
        "https"
    ],
    "consumes": [
        "application\/json"
    ],
    "produces": [
        "application\/json"
    ],
    "securityDefinitions": {
        "APIKeyQueryParam": {
            "type": "apiKey",
            "name": "access_token",
            "in": "query"
        }
    },
    "security": [
        {
            "APIKeyQueryParam": []
        }
    ],
    "paths": {
        "\/ips\/rate-based": {
            "get": {
                "summary": "Returns a list of rate-based signatures in IPS package.\nAccess Group: utmgrp.ips",
                "responses": {
                    "400": {
                        "description": "Bad Request: Request cannot be processed by the API"
                    },
                    "401": {
                        "description": "Not Authorized: Request without successful login session"
                    },
                    "403": {
                        "description": "Forbidden: Request is missing CSRF token or administrator is missing access profile permissions."
                    },
                    "404": {
                        "description": "Resource Not Found: Unable to find the specified resource."
                    },
                    "405": {
                        "description": "Method Not Allowed: Specified HTTP method is not allowed for this resource. "
                    },
                    "424": {
                        "description": "Failed Dependency: Fail dependency can be duplicate resource, missing required parameter, missing required attribute, invalid attribute value"
                    },
                    "200": {
                        "description": "OK: Request returns successful",
                        "schema": {
                            "title": "Rate-Based Signatures",
                            "description": "List all rate-based IPS signatures.",
                            "type": "array",
                            "items": {
                                "title": "Signature",
                                "description": "Signature details.",
                                "type": "object",
                                "properties": {
                                    "id": {
                                        "type": "integer",
                                        "title": "ID",
                                        "description": "ID of the signature."
                                    },
                                    "name": {
                                        "type": "string",
                                        "title": "Name",
                                        "description": "Name of the signature."
                                    },
                                    "rate-count": {
                                        "type": "integer",
                                        "title": "Threshold",
                                        "description": "The number of matches that must be seen before the signature is triggered."
                                    },
                                    "rate-duration": {
                                        "type": "integer",
                                        "title": "Duration",
                                        "description": "The time period over which matches are counted, in seconds."
                                    },
                                    "rate-track": {
                                        "type": "string",
                                        "enum": [
                                            "none",
                                            "src-ip",
                                            "dest-ip",
                                            "dhcp-client-mac",
                                            "dns-domain",
                                            "dns-domain-and-ip"
                                        ],
                                        "title": "Track By",
                                        "description": "The packet property to track. A value of \"none\" means all matched packets will add to the counter. Otherwise matched packets only add to counter with the same tracked property."
                                    }
                                },
                                "required": [
                                    "id",
                                    "name",
                                    "rate-count",
                                    "rate-duration",
                                    "rate-track"
                                ]
                            }
                        }
                    },
                    "500": {
                        "description": "Internal Server Error: Internal error when processing the request "
                    },
                    "413": {
                        "description": "Request Entity Too Large: Request cannot be processed due to large entity "
                    },
                    "429": {
                        "description": "Access temporarily blocked: Maximum failed authentications reached. The offended source is temporarily blocked for certain amount of time."
                    }
                },
                "tags": [
                    "ips"
                ]
            }
        },
        "\/ips\/metadata": {
            "get": {
                "summary": "Returns IPS meta data.\nAccess Group: utmgrp.ips",
                "responses": {
                    "400": {
                        "description": "Bad Request: Request cannot be processed by the API"
                    },
                    "401": {
                        "description": "Not Authorized: Request without successful login session"
                    },
                    "403": {
                        "description": "Forbidden: Request is missing CSRF token or administrator is missing access profile permissions."
                    },
                    "404": {
                        "description": "Resource Not Found: Unable to find the specified resource."
                    },
                    "405": {
                        "description": "Method Not Allowed: Specified HTTP method is not allowed for this resource. "
                    },
                    "424": {
                        "description": "Failed Dependency: Fail dependency can be duplicate resource, missing required parameter, missing required attribute, invalid attribute value"
                    },
                    "200": {
                        "description": "OK: Request returns successful",
                        "schema": {
                            "title": "IPS Meta Data",
                            "description": "Retrieves IPS meta data.",
                            "type": "object",
                            "required": [
                                "cloud_app_ctrl_meta_id"
                            ],
                            "properties": {
                                "cloud_app_ctrl_meta_id": {
                                    "type": "integer",
                                    "title": "Cloud App-Ctrl Meta ID",
                                    "description": "The application ID which is used to identify cloud signatures."
                                }
                            }
                        }
                    },
                    "500": {
                        "description": "Internal Server Error: Internal error when processing the request "
                    },
                    "413": {
                        "description": "Request Entity Too Large: Request cannot be processed due to large entity "
                    },
                    "429": {
                        "description": "Access temporarily blocked: Maximum failed authentications reached. The offended source is temporarily blocked for certain amount of time."
                    }
                },
                "tags": [
                    "ips"
                ]
            }
        },
        "\/ips\/anomaly": {
            "get": {
                "summary": "Returns IPS anomaly list.\nAccess Group: utmgrp.ips",
                "responses": {
                    "400": {
                        "description": "Bad Request: Request cannot be processed by the API"
                    },
                    "401": {
                        "description": "Not Authorized: Request without successful login session"
                    },
                    "403": {
                        "description": "Forbidden: Request is missing CSRF token or administrator is missing access profile permissions."
                    },
                    "404": {
                        "description": "Resource Not Found: Unable to find the specified resource."
                    },
                    "405": {
                        "description": "Method Not Allowed: Specified HTTP method is not allowed for this resource. "
                    },
                    "424": {
                        "description": "Failed Dependency: Fail dependency can be duplicate resource, missing required parameter, missing required attribute, invalid attribute value"
                    },
                    "200": {
                        "description": "OK: Request returns successful",
                        "schema": {
                            "title": "IPS Anomalies",
                            "description": "Retrieves the IPS anomaly list.",
                            "type": "array",
                            "required": [
                                "anomaly_list"
                            ],
                            "properties": {
                                "anomaly_list": {
                                    "type": "array",
                                    "title": "Anomaly List",
                                    "description": "List of IPS Anomalies."
                                }
                            }
                        }
                    },
                    "500": {
                        "description": "Internal Server Error: Internal error when processing the request "
                    },
                    "413": {
                        "description": "Request Entity Too Large: Request cannot be processed due to large entity "
                    },
                    "429": {
                        "description": "Access temporarily blocked: Maximum failed authentications reached. The offended source is temporarily blocked for certain amount of time."
                    }
                },
                "tags": [
                    "ips"
                ]
            }
        },
        "\/ips\/exceed-scan-range": {
            "get": {
                "summary": "Returns a list of applications that exceed the scan range from a list of application IDs.\nAccess Group: utmgrp.ips",
                "responses": {
                    "400": {
                        "description": "Bad Request: Request cannot be processed by the API"
                    },
                    "401": {
                        "description": "Not Authorized: Request without successful login session"
                    },
                    "403": {
                        "description": "Forbidden: Request is missing CSRF token or administrator is missing access profile permissions."
                    },
                    "404": {
                        "description": "Resource Not Found: Unable to find the specified resource."
                    },
                    "405": {
                        "description": "Method Not Allowed: Specified HTTP method is not allowed for this resource. "
                    },
                    "424": {
                        "description": "Failed Dependency: Fail dependency can be duplicate resource, missing required parameter, missing required attribute, invalid attribute value"
                    },
                    "200": {
                        "description": "OK: Request returns successful",
                        "schema": {
                            "title": "Applications With A Large Scan-Range",
                            "description": "List of applications that exceed the scan range.",
                            "type": "array",
                            "items": {
                                "title": "Signature",
                                "description": "Signature details.",
                                "type": "object",
                                "properties": {
                                    "id": {
                                        "type": "integer",
                                        "title": "ID",
                                        "description": "ID of the signature."
                                    },
                                    "name": {
                                        "type": "string",
                                        "title": "Name",
                                        "description": "Name of the signature."
                                    }
                                },
                                "required": [
                                    "id",
                                    "name"
                                ]
                            }
                        }
                    },
                    "500": {
                        "description": "Internal Server Error: Internal error when processing the request "
                    },
                    "413": {
                        "description": "Request Entity Too Large: Request cannot be processed due to large entity "
                    },
                    "429": {
                        "description": "Access temporarily blocked: Maximum failed authentications reached. The offended source is temporarily blocked for certain amount of time."
                    }
                },
                "parameters": [
                    {
                        "name": "ids",
                        "in": "query",
                        "description": "List of application IDs.",
                        "required": true,
                        "type": "array",
                        "items": {
                            "type": "string"
                        }
                    }
                ],
                "tags": [
                    "ips"
                ]
            }
        }
    }
}