{
    "swagger": "2.0",
    "info": {
        "termsOfService": "http:\/\/fortinet.com\/terms\/",
        "version": "v2",
        "contact": {
            "url": "http:\/\/modskristensen.net",
            "name": "FortiOS Web Application Team",
            "email": "fosguiqateam@fortinet.com"
        },
        "description": "REST API for configuring FortiOS objects and settings",
        "title": "FortiOS Monitor"
    },
    "host": "172.16.177.65",
    "basePath": "\/api\/v2\/monitor",
    "schemes": [
        "https"
    ],
    "consumes": [
        "application\/json"
    ],
    "produces": [
        "application\/json"
    ],
    "securityDefinitions": {
        "APIKeyQueryParam": {
            "type": "apiKey",
            "name": "access_token",
            "in": "query"
        }
    },
    "security": [
        {
            "APIKeyQueryParam": []
        }
    ],
    "paths": {
        "\/virtual-wan\/health-check": {
            "get": {
                "summary": "Retrieve health-check statistics for each SD-WAN link.\nAccess Group: netgrp.cfg",
                "responses": {
                    "400": {
                        "description": "Bad Request: Request cannot be processed by the API"
                    },
                    "401": {
                        "description": "Not Authorized: Request without successful login session"
                    },
                    "403": {
                        "description": "Forbidden: Request is missing CSRF token or administrator is missing access profile permissions."
                    },
                    "404": {
                        "description": "Resource Not Found: Unable to find the specified resource."
                    },
                    "405": {
                        "description": "Method Not Allowed: Specified HTTP method is not allowed for this resource. "
                    },
                    "424": {
                        "description": "Failed Dependency: Fail dependency can be duplicate resource, missing required parameter, missing required attribute, invalid attribute value"
                    },
                    "200": {
                        "description": "OK: Request returns successful",
                        "schema": {
                            "title": "SD-WAN Health Check Statistics",
                            "description": "A map of health check names to their statistics.",
                            "type": "object",
                            "additionalProperties": {
                                "title": "Health Check Statistics",
                                "description": "A map of interface names to their health check statistics.",
                                "type": "object",
                                "additionalProperties": {
                                    "title": "Member Statistics",
                                    "description": "Health check statistics for an SD-WAN member.",
                                    "type": "object",
                                    "required": [
                                        "status"
                                    ],
                                    "properties": {
                                        "status": {
                                            "type": "string",
                                            "title": "Status",
                                            "description": "Status of the health check. If the SD-WAN interface is disabled, \"disable\" will be returned. If the interface does not participate in the health check, \"error\" will be returned.",
                                            "enum": [
                                                "up",
                                                "down",
                                                "disable",
                                                "error"
                                            ]
                                        },
                                        "latency": {
                                            "title": "Latency",
                                            "description": "Measured latency.",
                                            "type": "number"
                                        },
                                        "jitter": {
                                            "title": "Jitter",
                                            "description": "Measured jitter.",
                                            "type": "number"
                                        },
                                        "packet_loss": {
                                            "title": "Packet Loss",
                                            "description": "Measured packet loss.",
                                            "type": "number"
                                        },
                                        "packet_sent": {
                                            "title": "Packets Sent",
                                            "description": "Number of packets sent for this health check.",
                                            "type": "integer"
                                        },
                                        "packet_received": {
                                            "title": "Packets Received",
                                            "description": "Number of packets received for this health check.",
                                            "type": "integer"
                                        },
                                        "session": {
                                            "title": "Sessions",
                                            "description": "Session count for the interface.",
                                            "type": "integer"
                                        },
                                        "tx_bandwidth": {
                                            "title": "Upload Bandwidth",
                                            "description": "Upload bandwidth of the interface.",
                                            "type": "integer"
                                        },
                                        "rx_bandwidth": {
                                            "title": "Download Bandwidth",
                                            "description": "Download bandwidth of the interface.",
                                            "type": "integer"
                                        },
                                        "state_changed": {
                                            "title": "Last State Change",
                                            "description": "Timestamp of the last link state change, in seconds.",
                                            "type": "integer"
                                        },
                                        "sla_targets_met": {
                                            "title": "SLA Targets Met",
                                            "description": "A list of SLA targets that are met.",
                                            "type": "array",
                                            "items": {
                                                "title": "SLA Target ID",
                                                "description": "ID of an SLA target.",
                                                "type": "integer"
                                            }
                                        },
                                        "child_intfs": {
                                            "title": "Child Interface Health Check Statistics",
                                            "description": "A map of child interface names to their health check statistics. This is applicable for shortcut tunnels created by ADVPN interfaces.",
                                            "type": "object",
                                            "additionalProperties": {
                                                "title": "Child Interface Statistics",
                                                "description": "Health check statistics for a child interface.",
                                                "type": "object",
                                                "required": [
                                                    "status"
                                                ],
                                                "properties": {
                                                    "status": {
                                                        "type": "string",
                                                        "title": "Status",
                                                        "description": "Status of the health check. If the SD-WAN interface is disabled, \"disable\" will be returned. If the interface does not participate in the health check, \"error\" will be returned.",
                                                        "enum": [
                                                            "up",
                                                            "down",
                                                            "disable",
                                                            "error"
                                                        ]
                                                    },
                                                    "latency": {
                                                        "title": "Latency",
                                                        "description": "Measured latency.",
                                                        "type": "number"
                                                    },
                                                    "jitter": {
                                                        "title": "Jitter",
                                                        "description": "Measured jitter.",
                                                        "type": "number"
                                                    },
                                                    "packet_loss": {
                                                        "title": "Packet Loss",
                                                        "description": "Measured packet loss.",
                                                        "type": "number"
                                                    },
                                                    "packet_sent": {
                                                        "title": "Packets Sent",
                                                        "description": "Number of packets sent for this health check.",
                                                        "type": "integer"
                                                    },
                                                    "packet_received": {
                                                        "title": "Packets Received",
                                                        "description": "Number of packets received for this health check.",
                                                        "type": "integer"
                                                    },
                                                    "session": {
                                                        "title": "Sessions",
                                                        "description": "Session count for the interface.",
                                                        "type": "integer"
                                                    },
                                                    "tx_bandwidth": {
                                                        "title": "Upload Bandwidth",
                                                        "description": "Upload bandwidth of the interface.",
                                                        "type": "integer"
                                                    },
                                                    "rx_bandwidth": {
                                                        "title": "Download Bandwidth",
                                                        "description": "Download bandwidth of the interface.",
                                                        "type": "integer"
                                                    },
                                                    "state_changed": {
                                                        "title": "Last State Change",
                                                        "description": "Timestamp of the last link state change, in seconds.",
                                                        "type": "integer"
                                                    },
                                                    "sla_targets_met": {
                                                        "title": "SLA Targets Met",
                                                        "description": "A list of SLA targets that are met.",
                                                        "type": "array",
                                                        "items": {
                                                            "title": "SLA Target ID",
                                                            "description": "ID of an SLA target.",
                                                            "type": "integer"
                                                        }
                                                    }
                                                }
                                            }
                                        }
                                    }
                                }
                            }
                        }
                    },
                    "500": {
                        "description": "Internal Server Error: Internal error when processing the request "
                    },
                    "413": {
                        "description": "Request Entity Too Large: Request cannot be processed due to large entity "
                    },
                    "429": {
                        "description": "Access temporarily blocked: Maximum failed authentications reached. The offended source is temporarily blocked for certain amount of time."
                    }
                },
                "tags": [
                    "virtual-wan"
                ]
            }
        },
        "\/virtual-wan\/interface-log": {
            "get": {
                "summary": "Retrieve log of SD-WAN interface quality information.\nAccess Group: netgrp.cfg",
                "responses": {
                    "400": {
                        "description": "Bad Request: Request cannot be processed by the API"
                    },
                    "401": {
                        "description": "Not Authorized: Request without successful login session"
                    },
                    "403": {
                        "description": "Forbidden: Request is missing CSRF token or administrator is missing access profile permissions."
                    },
                    "404": {
                        "description": "Resource Not Found: Unable to find the specified resource."
                    },
                    "405": {
                        "description": "Method Not Allowed: Specified HTTP method is not allowed for this resource. "
                    },
                    "424": {
                        "description": "Failed Dependency: Fail dependency can be duplicate resource, missing required parameter, missing required attribute, invalid attribute value"
                    },
                    "200": {
                        "description": "OK: Request returns successful"
                    },
                    "500": {
                        "description": "Internal Server Error: Internal error when processing the request "
                    },
                    "413": {
                        "description": "Request Entity Too Large: Request cannot be processed due to large entity "
                    },
                    "429": {
                        "description": "Access temporarily blocked: Maximum failed authentications reached. The offended source is temporarily blocked for certain amount of time."
                    }
                },
                "parameters": [
                    {
                        "name": "interface",
                        "in": "query",
                        "description": "Filter: Interface name.",
                        "required": false,
                        "type": "string"
                    },
                    {
                        "name": "since",
                        "in": "query",
                        "description": "Filter: Only return SLA logs generated since this Unix timestamp.",
                        "required": false,
                        "type": "integer"
                    },
                    {
                        "name": "seconds",
                        "in": "query",
                        "description": "Filter: Only return SLA logs generated in the last N seconds.",
                        "required": false,
                        "type": "integer"
                    }
                ],
                "tags": [
                    "virtual-wan"
                ]
            }
        },
        "\/virtual-wan\/sla-log": {
            "get": {
                "summary": "Retrieve log of SLA probe results for for each SD-WAN SLA rule.\nAccess Group: netgrp.cfg",
                "responses": {
                    "400": {
                        "description": "Bad Request: Request cannot be processed by the API"
                    },
                    "401": {
                        "description": "Not Authorized: Request without successful login session"
                    },
                    "403": {
                        "description": "Forbidden: Request is missing CSRF token or administrator is missing access profile permissions."
                    },
                    "404": {
                        "description": "Resource Not Found: Unable to find the specified resource."
                    },
                    "405": {
                        "description": "Method Not Allowed: Specified HTTP method is not allowed for this resource. "
                    },
                    "424": {
                        "description": "Failed Dependency: Fail dependency can be duplicate resource, missing required parameter, missing required attribute, invalid attribute value"
                    },
                    "200": {
                        "description": "OK: Request returns successful",
                        "schema": {
                            "title": "SD-WAN SLA Log",
                            "description": "A list of SLA results.",
                            "type": "array",
                            "items": {
                                "title": "Health Check Entry",
                                "description": "SLA results for one health check of one interface.",
                                "type": "object",
                                "required": [
                                    "name",
                                    "interface",
                                    "logs"
                                ],
                                "properties": {
                                    "name": {
                                        "title": "Health Check Name",
                                        "description": "Name of the health check.",
                                        "type": "string"
                                    },
                                    "interface": {
                                        "title": "Interface Name",
                                        "description": "Name of the interface.",
                                        "type": "string"
                                    },
                                    "logs": {
                                        "title": "SLA Logs",
                                        "description": "A list of health check measurement results.",
                                        "type": "array",
                                        "items": {
                                            "title": "SLA Log Entry",
                                            "description": "Result of a health check measurement.",
                                            "type": "object",
                                            "properties": {
                                                "timestamp": {
                                                    "title": "Timestamp",
                                                    "description": "Unix timestamp for the measurement.",
                                                    "type": "integer"
                                                },
                                                "link": {
                                                    "title": "Link Status",
                                                    "description": "Link status of the connection.",
                                                    "type": "string",
                                                    "enum": [
                                                        "up",
                                                        "down"
                                                    ]
                                                },
                                                "latency": {
                                                    "title": "Latency",
                                                    "description": "Measured latency.",
                                                    "type": "number"
                                                },
                                                "jitter": {
                                                    "title": "Jitter",
                                                    "description": "Measured jitter.",
                                                    "type": "number"
                                                },
                                                "packetloss": {
                                                    "title": "Packet Loss",
                                                    "description": "Measured packet loss.",
                                                    "type": "number"
                                                }
                                            }
                                        }
                                    },
                                    "child_intfs": {
                                        "title": "Child Interface SLA Logs",
                                        "description": "A map of child interface names to their SLA logs. This is applicable for shortcut tunnels created by ADVPN interfaces.",
                                        "type": "object",
                                        "additionalProperties": {
                                            "title": "SLA Logs",
                                            "description": "A list of health check measurement results.",
                                            "type": "array",
                                            "items": {
                                                "title": "SLA Log Entry",
                                                "description": "Result of a health check measurement.",
                                                "type": "object",
                                                "properties": {
                                                    "timestamp": {
                                                        "title": "Timestamp",
                                                        "description": "Unix timestamp for the measurement.",
                                                        "type": "integer"
                                                    },
                                                    "link": {
                                                        "title": "Link Status",
                                                        "description": "Link status of the connection.",
                                                        "type": "string",
                                                        "enum": [
                                                            "up",
                                                            "down"
                                                        ]
                                                    },
                                                    "latency": {
                                                        "title": "Latency",
                                                        "description": "Measured latency.",
                                                        "type": "number"
                                                    },
                                                    "jitter": {
                                                        "title": "Jitter",
                                                        "description": "Measured jitter.",
                                                        "type": "number"
                                                    },
                                                    "packetloss": {
                                                        "title": "Packet Loss",
                                                        "description": "Measured packet loss.",
                                                        "type": "number"
                                                    }
                                                }
                                            }
                                        }
                                    }
                                }
                            }
                        }
                    },
                    "500": {
                        "description": "Internal Server Error: Internal error when processing the request "
                    },
                    "413": {
                        "description": "Request Entity Too Large: Request cannot be processed due to large entity "
                    },
                    "429": {
                        "description": "Access temporarily blocked: Maximum failed authentications reached. The offended source is temporarily blocked for certain amount of time."
                    }
                },
                "parameters": [
                    {
                        "name": "sla",
                        "in": "query",
                        "description": "Filter: SLA name.",
                        "required": false,
                        "type": "string"
                    },
                    {
                        "name": "interface",
                        "in": "query",
                        "description": "Filter: Interface name.",
                        "required": false,
                        "type": "string"
                    },
                    {
                        "name": "since",
                        "in": "query",
                        "description": "Filter: Only return SLA logs generated since this Unix timestamp.",
                        "required": false,
                        "type": "integer"
                    },
                    {
                        "name": "seconds",
                        "in": "query",
                        "description": "Filter: Only return SLA logs generated in the last N seconds.",
                        "required": false,
                        "type": "integer"
                    },
                    {
                        "name": "sampling_interval",
                        "in": "query",
                        "description": "The interval to be used for sampling SLA logs, in seconds (default=5).",
                        "required": false,
                        "type": "integer"
                    }
                ],
                "tags": [
                    "virtual-wan"
                ]
            }
        },
        "\/virtual-wan\/members": {
            "get": {
                "summary": "Retrieve interface statistics for each SD-WAN link.\nAccess Group: netgrp.cfg",
                "responses": {
                    "400": {
                        "description": "Bad Request: Request cannot be processed by the API"
                    },
                    "401": {
                        "description": "Not Authorized: Request without successful login session"
                    },
                    "403": {
                        "description": "Forbidden: Request is missing CSRF token or administrator is missing access profile permissions."
                    },
                    "404": {
                        "description": "Resource Not Found: Unable to find the specified resource."
                    },
                    "405": {
                        "description": "Method Not Allowed: Specified HTTP method is not allowed for this resource. "
                    },
                    "424": {
                        "description": "Failed Dependency: Fail dependency can be duplicate resource, missing required parameter, missing required attribute, invalid attribute value"
                    },
                    "200": {
                        "description": "OK: Request returns successful",
                        "schema": {
                            "title": "SD-WAN Member Statistics",
                            "description": "A map of interface names to their traffic statistics.",
                            "type": "object",
                            "additionalProperties": {
                                "title": "Member Statistics",
                                "description": "Traffic statistics for an SD-WAN member.",
                                "type": "object",
                                "properties": {
                                    "status": {
                                        "title": "Status",
                                        "description": "Status of traffic monitoring. If this value is present, traffic monitoring is not enabled and other statistics will be absent.",
                                        "type": "string",
                                        "enum": [
                                            "disable",
                                            "error"
                                        ]
                                    },
                                    "link": {
                                        "title": "Link Status",
                                        "description": "Interface link status for the SD-WAN member.",
                                        "type": "string",
                                        "enum": [
                                            "up",
                                            "down"
                                        ]
                                    },
                                    "session": {
                                        "title": "Session Count",
                                        "description": "Session count for the SD-WAN member.",
                                        "type": "integer"
                                    },
                                    "tx_bytes": {
                                        "title": "Bytes Sent",
                                        "description": "Number of bytes sent by the SD-WAN member.",
                                        "type": "integer"
                                    },
                                    "rx_bytes": {
                                        "title": "Bytes Received",
                                        "description": "Number of bytes received by the SD-WAN member.",
                                        "type": "integer"
                                    },
                                    "tx_bandwidth": {
                                        "title": "Upload Bandwidth",
                                        "description": "Upload bandwidth of the SD-WAN member.",
                                        "type": "integer"
                                    },
                                    "rx_bandwidth": {
                                        "title": "Download Bandwidth",
                                        "description": "Download bandwidth of the SD-WAN member.",
                                        "type": "integer"
                                    },
                                    "state_changed": {
                                        "title": "Last State Change",
                                        "description": "Timestamp of the last link state change, in seconds.",
                                        "type": "integer"
                                    }
                                }
                            }
                        }
                    },
                    "500": {
                        "description": "Internal Server Error: Internal error when processing the request "
                    },
                    "413": {
                        "description": "Request Entity Too Large: Request cannot be processed due to large entity "
                    },
                    "429": {
                        "description": "Access temporarily blocked: Maximum failed authentications reached. The offended source is temporarily blocked for certain amount of time."
                    }
                },
                "tags": [
                    "virtual-wan"
                ]
            }
        }
    }
}