{
    "swagger": "2.0",
    "info": {
        "termsOfService": "http:\/\/fortinet.com\/terms\/",
        "version": "v2",
        "contact": {
            "url": "http:\/\/modskristensen.net",
            "name": "FortiOS Web Application Team",
            "email": "fosguiqateam@fortinet.com"
        },
        "description": "REST API for configuring FortiOS objects and settings",
        "title": "FortiOS Monitor"
    },
    "host": "172.16.177.65",
    "basePath": "\/api\/v2\/monitor",
    "schemes": [
        "https"
    ],
    "consumes": [
        "application\/json"
    ],
    "produces": [
        "application\/json"
    ],
    "securityDefinitions": {
        "APIKeyQueryParam": {
            "type": "apiKey",
            "name": "access_token",
            "in": "query"
        }
    },
    "security": [
        {
            "APIKeyQueryParam": []
        }
    ],
    "paths": {
        "\/registration\/forticloud\/login": {
            "post": {
                "summary": "Login to FortiCloud.\nAccess Group: sysgrp.cfg",
                "responses": {
                    "400": {
                        "description": "Bad Request: Request cannot be processed by the API"
                    },
                    "401": {
                        "description": "Not Authorized: Request without successful login session"
                    },
                    "403": {
                        "description": "Forbidden: Request is missing CSRF token or administrator is missing access profile permissions."
                    },
                    "404": {
                        "description": "Resource Not Found: Unable to find the specified resource."
                    },
                    "405": {
                        "description": "Method Not Allowed: Specified HTTP method is not allowed for this resource. "
                    },
                    "424": {
                        "description": "Failed Dependency: Fail dependency can be duplicate resource, missing required parameter, missing required attribute, invalid attribute value"
                    },
                    "200": {
                        "description": "OK: Request returns successful"
                    },
                    "500": {
                        "description": "Internal Server Error: Internal error when processing the request "
                    },
                    "413": {
                        "description": "Request Entity Too Large: Request cannot be processed due to large entity "
                    },
                    "429": {
                        "description": "Access temporarily blocked: Maximum failed authentications reached. The offended source is temporarily blocked for certain amount of time."
                    }
                },
                "parameters": [
                    {
                        "name": "body",
                        "in": "body",
                        "description": "Possible parameters to go in the body for the request.",
                        "required": true,
                        "schema": {
                            "properties": {
                                "email": {
                                    "description": "Account email.",
                                    "type": "string"
                                },
                                "password": {
                                    "description": "Account password.",
                                    "type": "string"
                                },
                                "send_logs": {
                                    "description": "Send logs to FortiCloud.",
                                    "type": "boolean"
                                },
                                "domain": {
                                    "description": "FortiCloud domain.",
                                    "type": "string"
                                }
                            }
                        }
                    }
                ],
                "tags": [
                    "registration"
                ]
            }
        },
        "\/registration\/forticloud\/create": {
            "post": {
                "summary": "Create a FortiCloud account.\nAccess Group: sysgrp.cfg",
                "responses": {
                    "400": {
                        "description": "Bad Request: Request cannot be processed by the API"
                    },
                    "401": {
                        "description": "Not Authorized: Request without successful login session"
                    },
                    "403": {
                        "description": "Forbidden: Request is missing CSRF token or administrator is missing access profile permissions."
                    },
                    "404": {
                        "description": "Resource Not Found: Unable to find the specified resource."
                    },
                    "405": {
                        "description": "Method Not Allowed: Specified HTTP method is not allowed for this resource. "
                    },
                    "424": {
                        "description": "Failed Dependency: Fail dependency can be duplicate resource, missing required parameter, missing required attribute, invalid attribute value"
                    },
                    "200": {
                        "description": "OK: Request returns successful"
                    },
                    "500": {
                        "description": "Internal Server Error: Internal error when processing the request "
                    },
                    "413": {
                        "description": "Request Entity Too Large: Request cannot be processed due to large entity "
                    },
                    "429": {
                        "description": "Access temporarily blocked: Maximum failed authentications reached. The offended source is temporarily blocked for certain amount of time."
                    }
                },
                "parameters": [
                    {
                        "name": "body",
                        "in": "body",
                        "description": "Possible parameters to go in the body for the request.",
                        "required": true,
                        "schema": {
                            "properties": {
                                "email": {
                                    "description": "Account email.",
                                    "type": "string"
                                },
                                "password": {
                                    "description": "Account password.",
                                    "type": "string"
                                },
                                "send_logs": {
                                    "description": "Send logs to FortiCloud.",
                                    "type": "boolean"
                                }
                            }
                        }
                    }
                ],
                "tags": [
                    "registration"
                ]
            }
        },
        "\/registration\/forticloud\/logout": {
            "post": {
                "summary": "Logout from FortiCloud.\nAccess Group: sysgrp.cfg",
                "responses": {
                    "400": {
                        "description": "Bad Request: Request cannot be processed by the API"
                    },
                    "401": {
                        "description": "Not Authorized: Request without successful login session"
                    },
                    "403": {
                        "description": "Forbidden: Request is missing CSRF token or administrator is missing access profile permissions."
                    },
                    "404": {
                        "description": "Resource Not Found: Unable to find the specified resource."
                    },
                    "405": {
                        "description": "Method Not Allowed: Specified HTTP method is not allowed for this resource. "
                    },
                    "424": {
                        "description": "Failed Dependency: Fail dependency can be duplicate resource, missing required parameter, missing required attribute, invalid attribute value"
                    },
                    "200": {
                        "description": "OK: Request returns successful"
                    },
                    "500": {
                        "description": "Internal Server Error: Internal error when processing the request "
                    },
                    "413": {
                        "description": "Request Entity Too Large: Request cannot be processed due to large entity "
                    },
                    "429": {
                        "description": "Access temporarily blocked: Maximum failed authentications reached. The offended source is temporarily blocked for certain amount of time."
                    }
                },
                "tags": [
                    "registration"
                ]
            }
        },
        "\/registration\/forticloud\/disclaimer": {
            "get": {
                "summary": "Retrieve the FortiCloud disclaimer.\nAccess Group: sysgrp.cfg",
                "responses": {
                    "400": {
                        "description": "Bad Request: Request cannot be processed by the API"
                    },
                    "401": {
                        "description": "Not Authorized: Request without successful login session"
                    },
                    "403": {
                        "description": "Forbidden: Request is missing CSRF token or administrator is missing access profile permissions."
                    },
                    "404": {
                        "description": "Resource Not Found: Unable to find the specified resource."
                    },
                    "405": {
                        "description": "Method Not Allowed: Specified HTTP method is not allowed for this resource. "
                    },
                    "424": {
                        "description": "Failed Dependency: Fail dependency can be duplicate resource, missing required parameter, missing required attribute, invalid attribute value"
                    },
                    "200": {
                        "description": "OK: Request returns successful"
                    },
                    "500": {
                        "description": "Internal Server Error: Internal error when processing the request "
                    },
                    "413": {
                        "description": "Request Entity Too Large: Request cannot be processed due to large entity "
                    },
                    "429": {
                        "description": "Access temporarily blocked: Maximum failed authentications reached. The offended source is temporarily blocked for certain amount of time."
                    }
                },
                "tags": [
                    "registration"
                ]
            }
        },
        "\/registration\/forticloud\/domains": {
            "get": {
                "summary": "Retrieve a list of FortiCloud login domains.\nAccess Group: sysgrp.cfg",
                "responses": {
                    "400": {
                        "description": "Bad Request: Request cannot be processed by the API"
                    },
                    "401": {
                        "description": "Not Authorized: Request without successful login session"
                    },
                    "403": {
                        "description": "Forbidden: Request is missing CSRF token or administrator is missing access profile permissions."
                    },
                    "404": {
                        "description": "Resource Not Found: Unable to find the specified resource."
                    },
                    "405": {
                        "description": "Method Not Allowed: Specified HTTP method is not allowed for this resource. "
                    },
                    "424": {
                        "description": "Failed Dependency: Fail dependency can be duplicate resource, missing required parameter, missing required attribute, invalid attribute value"
                    },
                    "200": {
                        "description": "OK: Request returns successful"
                    },
                    "500": {
                        "description": "Internal Server Error: Internal error when processing the request "
                    },
                    "413": {
                        "description": "Request Entity Too Large: Request cannot be processed due to large entity "
                    },
                    "429": {
                        "description": "Access temporarily blocked: Maximum failed authentications reached. The offended source is temporarily blocked for certain amount of time."
                    }
                },
                "tags": [
                    "registration"
                ]
            }
        },
        "\/registration\/forticare\/login": {
            "post": {
                "summary": "Login to FortiCare.\nAccess Group: sysgrp.cfg",
                "responses": {
                    "400": {
                        "description": "Bad Request: Request cannot be processed by the API"
                    },
                    "401": {
                        "description": "Not Authorized: Request without successful login session"
                    },
                    "403": {
                        "description": "Forbidden: Request is missing CSRF token or administrator is missing access profile permissions."
                    },
                    "404": {
                        "description": "Resource Not Found: Unable to find the specified resource."
                    },
                    "405": {
                        "description": "Method Not Allowed: Specified HTTP method is not allowed for this resource. "
                    },
                    "424": {
                        "description": "Failed Dependency: Fail dependency can be duplicate resource, missing required parameter, missing required attribute, invalid attribute value"
                    },
                    "200": {
                        "description": "OK: Request returns successful"
                    },
                    "500": {
                        "description": "Internal Server Error: Internal error when processing the request "
                    },
                    "413": {
                        "description": "Request Entity Too Large: Request cannot be processed due to large entity "
                    },
                    "429": {
                        "description": "Access temporarily blocked: Maximum failed authentications reached. The offended source is temporarily blocked for certain amount of time."
                    }
                },
                "parameters": [
                    {
                        "name": "body",
                        "in": "body",
                        "description": "Possible parameters to go in the body for the request.",
                        "required": true,
                        "schema": {
                            "properties": {
                                "email": {
                                    "description": "Account email.",
                                    "type": "string"
                                },
                                "password": {
                                    "description": "Account password.",
                                    "type": "string"
                                },
                                "reseller_name": {
                                    "description": "Reseller name.",
                                    "type": "string"
                                },
                                "reseller_id": {
                                    "description": "Reseller ID.",
                                    "type": "integer"
                                }
                            }
                        }
                    }
                ],
                "tags": [
                    "registration"
                ]
            }
        },
        "\/registration\/forticare\/transfer": {
            "post": {
                "summary": "Transfer to a new FortiCare account.\nAccess Group: sysgrp.cfg",
                "responses": {
                    "400": {
                        "description": "Bad Request: Request cannot be processed by the API"
                    },
                    "401": {
                        "description": "Not Authorized: Request without successful login session"
                    },
                    "403": {
                        "description": "Forbidden: Request is missing CSRF token or administrator is missing access profile permissions."
                    },
                    "404": {
                        "description": "Resource Not Found: Unable to find the specified resource."
                    },
                    "405": {
                        "description": "Method Not Allowed: Specified HTTP method is not allowed for this resource. "
                    },
                    "424": {
                        "description": "Failed Dependency: Fail dependency can be duplicate resource, missing required parameter, missing required attribute, invalid attribute value"
                    },
                    "200": {
                        "description": "OK: Request returns successful",
                        "schema": {
                            "title": "FortiCare Account Title Transfer",
                            "description": "Transfer ownership of the FortiGate from one FortiCare account to another.",
                            "type": "object",
                            "properties": {
                                "forticare_error": {
                                    "title": "FortiCare Error Message",
                                    "description": "If present in the response an error occurred while transferring.",
                                    "type": "string"
                                },
                                "forticare_success": {
                                    "title": "FortiCare Success Status",
                                    "description": "True when the transfer is successful.",
                                    "type": "boolean"
                                }
                            }
                        }
                    },
                    "500": {
                        "description": "Internal Server Error: Internal error when processing the request "
                    },
                    "413": {
                        "description": "Request Entity Too Large: Request cannot be processed due to large entity "
                    },
                    "429": {
                        "description": "Access temporarily blocked: Maximum failed authentications reached. The offended source is temporarily blocked for certain amount of time."
                    }
                },
                "parameters": [
                    {
                        "name": "body",
                        "in": "body",
                        "description": "Possible parameters to go in the body for the request.",
                        "required": true,
                        "schema": {
                            "properties": {
                                "email": {
                                    "description": "Account email.",
                                    "type": "string"
                                },
                                "password": {
                                    "description": "Account password.",
                                    "type": "string"
                                },
                                "old_email": {
                                    "description": "Old account email.",
                                    "type": "string"
                                },
                                "old_password": {
                                    "description": "Old account password.",
                                    "type": "string"
                                }
                            }
                        }
                    }
                ],
                "tags": [
                    "registration"
                ]
            }
        },
        "\/registration\/forticare\/create": {
            "post": {
                "summary": "Create a new FortiCare account.\nAccess Group: sysgrp.cfg",
                "responses": {
                    "400": {
                        "description": "Bad Request: Request cannot be processed by the API"
                    },
                    "401": {
                        "description": "Not Authorized: Request without successful login session"
                    },
                    "403": {
                        "description": "Forbidden: Request is missing CSRF token or administrator is missing access profile permissions."
                    },
                    "404": {
                        "description": "Resource Not Found: Unable to find the specified resource."
                    },
                    "405": {
                        "description": "Method Not Allowed: Specified HTTP method is not allowed for this resource. "
                    },
                    "424": {
                        "description": "Failed Dependency: Fail dependency can be duplicate resource, missing required parameter, missing required attribute, invalid attribute value"
                    },
                    "200": {
                        "description": "OK: Request returns successful"
                    },
                    "500": {
                        "description": "Internal Server Error: Internal error when processing the request "
                    },
                    "413": {
                        "description": "Request Entity Too Large: Request cannot be processed due to large entity "
                    },
                    "429": {
                        "description": "Access temporarily blocked: Maximum failed authentications reached. The offended source is temporarily blocked for certain amount of time."
                    }
                },
                "parameters": [
                    {
                        "name": "body",
                        "in": "body",
                        "description": "Possible parameters to go in the body for the request.",
                        "required": true,
                        "schema": {
                            "properties": {
                                "email": {
                                    "description": "Account email.",
                                    "type": "string"
                                },
                                "password": {
                                    "description": "Account password.",
                                    "type": "string"
                                },
                                "first_name": {
                                    "description": "First name.",
                                    "type": "string"
                                },
                                "last_name": {
                                    "description": "Last name.",
                                    "type": "string"
                                },
                                "title": {
                                    "description": "Title.",
                                    "type": "string"
                                },
                                "company": {
                                    "description": "Company.",
                                    "type": "string"
                                },
                                "address": {
                                    "description": "Address.",
                                    "type": "string"
                                },
                                "city": {
                                    "description": "City.",
                                    "type": "string"
                                },
                                "country_code": {
                                    "description": "Country code.",
                                    "type": "integer"
                                },
                                "state": {
                                    "description": "State\/Province.",
                                    "type": "string"
                                },
                                "state_code": {
                                    "description": "State\/Province code.",
                                    "type": "string"
                                },
                                "postal_code": {
                                    "description": "Postal code.",
                                    "type": "string"
                                },
                                "phone": {
                                    "description": "Phone number.",
                                    "type": "string"
                                },
                                "industry": {
                                    "description": "Industry.",
                                    "type": "string"
                                },
                                "industry_id": {
                                    "description": "Industry ID.",
                                    "type": "integer"
                                },
                                "orgsize_id": {
                                    "description": "Organization size ID.",
                                    "type": "integer"
                                },
                                "reseller_name": {
                                    "description": "Reseller name.",
                                    "type": "string"
                                },
                                "reseller_id": {
                                    "description": "Reseller ID.",
                                    "type": "integer"
                                }
                            }
                        }
                    }
                ],
                "tags": [
                    "registration"
                ]
            }
        },
        "\/registration\/forticare\/add-license": {
            "post": {
                "summary": "Add a FortiCare license.\nAccess Group: sysgrp.cfg",
                "responses": {
                    "400": {
                        "description": "Bad Request: Request cannot be processed by the API"
                    },
                    "401": {
                        "description": "Not Authorized: Request without successful login session"
                    },
                    "403": {
                        "description": "Forbidden: Request is missing CSRF token or administrator is missing access profile permissions."
                    },
                    "404": {
                        "description": "Resource Not Found: Unable to find the specified resource."
                    },
                    "405": {
                        "description": "Method Not Allowed: Specified HTTP method is not allowed for this resource. "
                    },
                    "424": {
                        "description": "Failed Dependency: Fail dependency can be duplicate resource, missing required parameter, missing required attribute, invalid attribute value"
                    },
                    "200": {
                        "description": "OK: Request returns successful"
                    },
                    "500": {
                        "description": "Internal Server Error: Internal error when processing the request "
                    },
                    "413": {
                        "description": "Request Entity Too Large: Request cannot be processed due to large entity "
                    },
                    "429": {
                        "description": "Access temporarily blocked: Maximum failed authentications reached. The offended source is temporarily blocked for certain amount of time."
                    }
                },
                "parameters": [
                    {
                        "name": "body",
                        "in": "body",
                        "description": "Possible parameters to go in the body for the request.",
                        "required": true,
                        "schema": {
                            "properties": {
                                "registration_code": {
                                    "description": "FortiCare contract number.",
                                    "type": "string"
                                }
                            }
                        }
                    }
                ],
                "tags": [
                    "registration"
                ]
            }
        },
        "\/registration\/forticloud\/register-device": {
            "post": {
                "summary": "Register a device to FortiCloud through FortiGate. Currently FortiSwitch and FortiAP are supported.\nAccess Group: sysgrp.cfg",
                "responses": {
                    "400": {
                        "description": "Bad Request: Request cannot be processed by the API"
                    },
                    "401": {
                        "description": "Not Authorized: Request without successful login session"
                    },
                    "403": {
                        "description": "Forbidden: Request is missing CSRF token or administrator is missing access profile permissions."
                    },
                    "404": {
                        "description": "Resource Not Found: Unable to find the specified resource."
                    },
                    "405": {
                        "description": "Method Not Allowed: Specified HTTP method is not allowed for this resource. "
                    },
                    "424": {
                        "description": "Failed Dependency: Fail dependency can be duplicate resource, missing required parameter, missing required attribute, invalid attribute value"
                    },
                    "200": {
                        "description": "OK: Request returns successful"
                    },
                    "500": {
                        "description": "Internal Server Error: Internal error when processing the request "
                    },
                    "413": {
                        "description": "Request Entity Too Large: Request cannot be processed due to large entity "
                    },
                    "429": {
                        "description": "Access temporarily blocked: Maximum failed authentications reached. The offended source is temporarily blocked for certain amount of time."
                    }
                },
                "parameters": [
                    {
                        "name": "body",
                        "in": "body",
                        "description": "Possible parameters to go in the body for the request.",
                        "required": true,
                        "schema": {
                            "properties": {
                                "serial": {
                                    "description": "Device serial number",
                                    "type": "string"
                                },
                                "email": {
                                    "description": "FortiCloud email.",
                                    "type": "string"
                                },
                                "password": {
                                    "description": "Password.",
                                    "type": "string"
                                },
                                "reseller": {
                                    "description": "Reseller.",
                                    "type": "string"
                                },
                                "country": {
                                    "description": "Country.",
                                    "type": "string"
                                }
                            }
                        }
                    }
                ],
                "tags": [
                    "registration"
                ]
            }
        },
        "\/registration\/forticloud\/device-status": {
            "get": {
                "summary": "Fetch device registration status from FortiCloud. Currently FortiSwitch and FortiAP are supported.\nAccess Group: sysgrp.cfg",
                "responses": {
                    "400": {
                        "description": "Bad Request: Request cannot be processed by the API"
                    },
                    "401": {
                        "description": "Not Authorized: Request without successful login session"
                    },
                    "403": {
                        "description": "Forbidden: Request is missing CSRF token or administrator is missing access profile permissions."
                    },
                    "404": {
                        "description": "Resource Not Found: Unable to find the specified resource."
                    },
                    "405": {
                        "description": "Method Not Allowed: Specified HTTP method is not allowed for this resource. "
                    },
                    "424": {
                        "description": "Failed Dependency: Fail dependency can be duplicate resource, missing required parameter, missing required attribute, invalid attribute value"
                    },
                    "200": {
                        "description": "OK: Request returns successful",
                        "schema": {
                            "title": "FortiCloud Device Registration Status",
                            "description": "FortiCloud registration status for a device.",
                            "type": "array",
                            "items": {
                                "title": "Device Registration Information",
                                "description": "Registration information for a device.",
                                "type": "object",
                                "required": [
                                    "serial",
                                    "status"
                                ],
                                "properties": {
                                    "serial": {
                                        "type": "string",
                                        "title": "Serial",
                                        "description": "Serial number."
                                    },
                                    "account": {
                                        "type": "string",
                                        "title": "FortiCloud Account Name",
                                        "description": "FortiCloud account name."
                                    },
                                    "status": {
                                        "type": "string",
                                        "title": "FortiCloud Registration Status",
                                        "description": "Status of the FortiCloud registration.",
                                        "enum": [
                                            "registered",
                                            "pending",
                                            "unregistered"
                                        ]
                                    },
                                    "time": {
                                        "type": "integer",
                                        "title": "Registration Time",
                                        "description": "Timestamp of when the device was registered."
                                    }
                                }
                            }
                        }
                    },
                    "500": {
                        "description": "Internal Server Error: Internal error when processing the request "
                    },
                    "413": {
                        "description": "Request Entity Too Large: Request cannot be processed due to large entity "
                    },
                    "429": {
                        "description": "Access temporarily blocked: Maximum failed authentications reached. The offended source is temporarily blocked for certain amount of time."
                    }
                },
                "parameters": [
                    {
                        "name": "serials",
                        "in": "query",
                        "description": "Serials of FortiSwitch and FortiAP to fetch registration status.",
                        "required": true,
                        "type": "array",
                        "items": {
                            "type": "string"
                        }
                    },
                    {
                        "name": "update_cache",
                        "in": "query",
                        "description": "Clear cache and retrieve updated data.",
                        "required": false,
                        "type": "boolean"
                    }
                ],
                "tags": [
                    "registration"
                ]
            }
        },
        "\/registration\/vdom\/add-license": {
            "post": {
                "summary": "Add a VDOM license.\nAccess Group: sysgrp.cfg",
                "responses": {
                    "400": {
                        "description": "Bad Request: Request cannot be processed by the API"
                    },
                    "401": {
                        "description": "Not Authorized: Request without successful login session"
                    },
                    "403": {
                        "description": "Forbidden: Request is missing CSRF token or administrator is missing access profile permissions."
                    },
                    "404": {
                        "description": "Resource Not Found: Unable to find the specified resource."
                    },
                    "405": {
                        "description": "Method Not Allowed: Specified HTTP method is not allowed for this resource. "
                    },
                    "424": {
                        "description": "Failed Dependency: Fail dependency can be duplicate resource, missing required parameter, missing required attribute, invalid attribute value"
                    },
                    "200": {
                        "description": "OK: Request returns successful"
                    },
                    "500": {
                        "description": "Internal Server Error: Internal error when processing the request "
                    },
                    "413": {
                        "description": "Request Entity Too Large: Request cannot be processed due to large entity "
                    },
                    "429": {
                        "description": "Access temporarily blocked: Maximum failed authentications reached. The offended source is temporarily blocked for certain amount of time."
                    }
                },
                "parameters": [
                    {
                        "name": "body",
                        "in": "body",
                        "description": "Possible parameters to go in the body for the request.",
                        "required": true,
                        "schema": {
                            "properties": {
                                "license": {
                                    "description": "VDOM license key.",
                                    "type": "string"
                                }
                            }
                        }
                    }
                ],
                "tags": [
                    "registration"
                ]
            }
        },
        "\/registration\/forticloud\/migrate": {
            "post": {
                "summary": "Migrate standalone FortiGate Cloud account to FortiCloud.\nAccess Group: sysgrp.cfg",
                "responses": {
                    "400": {
                        "description": "Bad Request: Request cannot be processed by the API"
                    },
                    "401": {
                        "description": "Not Authorized: Request without successful login session"
                    },
                    "403": {
                        "description": "Forbidden: Request is missing CSRF token or administrator is missing access profile permissions."
                    },
                    "404": {
                        "description": "Resource Not Found: Unable to find the specified resource."
                    },
                    "405": {
                        "description": "Method Not Allowed: Specified HTTP method is not allowed for this resource. "
                    },
                    "424": {
                        "description": "Failed Dependency: Fail dependency can be duplicate resource, missing required parameter, missing required attribute, invalid attribute value"
                    },
                    "200": {
                        "description": "OK: Request returns successful"
                    },
                    "500": {
                        "description": "Internal Server Error: Internal error when processing the request "
                    },
                    "413": {
                        "description": "Request Entity Too Large: Request cannot be processed due to large entity "
                    },
                    "429": {
                        "description": "Access temporarily blocked: Maximum failed authentications reached. The offended source is temporarily blocked for certain amount of time."
                    }
                },
                "parameters": [
                    {
                        "name": "body",
                        "in": "body",
                        "description": "Possible parameters to go in the body for the request.",
                        "required": true,
                        "schema": {
                            "properties": {
                                "email": {
                                    "description": "Account email.",
                                    "type": "string"
                                },
                                "password": {
                                    "description": "Account password.",
                                    "type": "string"
                                }
                            }
                        }
                    }
                ],
                "tags": [
                    "registration"
                ]
            }
        }
    }
}