{
    "swagger": "2.0",
    "info": {
        "termsOfService": "http:\/\/fortinet.com\/terms\/",
        "version": "v2",
        "contact": {
            "url": "http:\/\/modskristensen.net",
            "name": "FortiOS Web Application Team",
            "email": "fosguiqateam@fortinet.com"
        },
        "description": "REST API for configuring FortiOS objects and settings",
        "title": "FortiOS Monitor"
    },
    "host": "172.16.177.65",
    "basePath": "\/api\/v2\/monitor",
    "schemes": [
        "https"
    ],
    "consumes": [
        "application\/json"
    ],
    "produces": [
        "application\/json"
    ],
    "securityDefinitions": {
        "APIKeyQueryParam": {
            "type": "apiKey",
            "name": "access_token",
            "in": "query"
        }
    },
    "security": [
        {
            "APIKeyQueryParam": []
        }
    ],
    "paths": {
        "\/router\/ipv4": {
            "get": {
                "summary": "List all active IPv4 routing table entries.\nAccess Group: netgrp.route-cfg",
                "responses": {
                    "400": {
                        "description": "Bad Request: Request cannot be processed by the API"
                    },
                    "401": {
                        "description": "Not Authorized: Request without successful login session"
                    },
                    "403": {
                        "description": "Forbidden: Request is missing CSRF token or administrator is missing access profile permissions."
                    },
                    "404": {
                        "description": "Resource Not Found: Unable to find the specified resource."
                    },
                    "405": {
                        "description": "Method Not Allowed: Specified HTTP method is not allowed for this resource. "
                    },
                    "424": {
                        "description": "Failed Dependency: Fail dependency can be duplicate resource, missing required parameter, missing required attribute, invalid attribute value"
                    },
                    "200": {
                        "description": "OK: Request returns successful",
                        "schema": {
                            "title": "IPv4 Routing Monitor",
                            "description": "List all active IPv4 routing table entries.",
                            "type": "array",
                            "items": {
                                "title": "IPv4 Routing Monitor Entry",
                                "description": "An IPv4 routing table entry.",
                                "type": "object",
                                "required": [
                                    "ip_version",
                                    "type",
                                    "ip_mask",
                                    "distance",
                                    "metric",
                                    "priority",
                                    "vrf",
                                    "gateway"
                                ],
                                "properties": {
                                    "ip_version": {
                                        "title": "IP Version",
                                        "description": "IP Version of this routing table entry (must be 4 for this API).",
                                        "type": "integer"
                                    },
                                    "type": {
                                        "title": "Type",
                                        "description": "Type of routing table entry.",
                                        "type": "string",
                                        "enum": [
                                            "def",
                                            "kernel",
                                            "connect",
                                            "static",
                                            "rip",
                                            "ripng",
                                            "ospf",
                                            "ospf6",
                                            "bgp",
                                            "isis",
                                            "ha"
                                        ]
                                    },
                                    "subtype": {
                                        "title": "Subtype",
                                        "description": "Subtype of the routing table entry - only used when type is OSPF or OSPF6.",
                                        "type": "string",
                                        "enum": [
                                            "ospf_ia",
                                            "ospf_nssa_1",
                                            "ospf_nssa_2",
                                            "external_1",
                                            "external_2",
                                            "isis_l1",
                                            "isis_l2",
                                            "isis_ia",
                                            "bgp_mpls"
                                        ]
                                    },
                                    "ip_mask": {
                                        "title": "IP Mask",
                                        "description": "IP address and mask representing the subnet this routing table entry routes to.",
                                        "type": "string"
                                    },
                                    "distance": {
                                        "title": "Administrative Distance",
                                        "description": "Rating of how expensive this routing table entry is, based on distance traveled and other factors.",
                                        "type": "integer"
                                    },
                                    "metric": {
                                        "title": "Metric",
                                        "description": "A calculated rating of how 'good' this routing table entry is.",
                                        "type": "integer"
                                    },
                                    "priority": {
                                        "title": "Priority",
                                        "description": "A calculated priority of this IPv4 route.",
                                        "type": "integer"
                                    },
                                    "vrf": {
                                        "title": "Virtual Routing and Forwarding",
                                        "description": "ID of the virtual routing and forwarding table that this routing table entry is in.",
                                        "type": "integer"
                                    },
                                    "gateway": {
                                        "title": "Gateway",
                                        "description": "IP address of the gateway that traffic will be forwarded to.",
                                        "type": "string"
                                    },
                                    "interface": {
                                        "title": "Interface",
                                        "description": "Interface that this routing table entry goes through.",
                                        "type": "string"
                                    },
                                    "is_tunnel_route": {
                                        "title": "Is Tunnel Route",
                                        "description": "True if this is a tunnel route.",
                                        "type": "boolean"
                                    },
                                    "tunnel_parent": {
                                        "title": "Tunnel Parent",
                                        "description": "Name of the interface that is the tunnel parent for this routing table entry.",
                                        "type": "string"
                                    },
                                    "install_date": {
                                        "title": "Install Date",
                                        "description": "Timestamp of when the routing table entry was installed, in seconds. Only used for dynamic routing.",
                                        "type": "integer"
                                    },
                                    "uptime": {
                                        "title": "Up Time",
                                        "description": "Duration, in 'DD HH:MM:SS' format, that the route has been up. Only used for dynamic routing.",
                                        "type": "string",
                                        "deprecated": true,
                                        "x-scheduledRemoval": {
                                            "major": 6,
                                            "minor": 6
                                        }
                                    }
                                }
                            }
                        }
                    },
                    "500": {
                        "description": "Internal Server Error: Internal error when processing the request "
                    },
                    "413": {
                        "description": "Request Entity Too Large: Request cannot be processed due to large entity "
                    },
                    "429": {
                        "description": "Access temporarily blocked: Maximum failed authentications reached. The offended source is temporarily blocked for certain amount of time."
                    }
                },
                "parameters": [
                    {
                        "name": "start",
                        "in": "query",
                        "description": "Starting entry index.",
                        "required": false,
                        "type": "integer"
                    },
                    {
                        "name": "count",
                        "in": "query",
                        "description": "Maximum number of entries to return (Default for all routes).",
                        "required": false,
                        "type": "integer"
                    },
                    {
                        "name": "ip_mask",
                        "in": "query",
                        "description": "Filter: IP\/netmask.",
                        "required": false,
                        "type": "string"
                    },
                    {
                        "name": "gateway",
                        "in": "query",
                        "description": "Filter: gateway.",
                        "required": false,
                        "type": "string"
                    },
                    {
                        "name": "type",
                        "in": "query",
                        "description": "Filter: route type.",
                        "required": false,
                        "type": "string"
                    },
                    {
                        "name": "interface",
                        "in": "query",
                        "description": "Filter: interface name.",
                        "required": false,
                        "type": "string"
                    }
                ],
                "tags": [
                    "router"
                ]
            }
        },
        "\/router\/ipv6": {
            "get": {
                "summary": "List all active IPv6 routing table entries.\nAccess Group: netgrp.route-cfg",
                "responses": {
                    "400": {
                        "description": "Bad Request: Request cannot be processed by the API"
                    },
                    "401": {
                        "description": "Not Authorized: Request without successful login session"
                    },
                    "403": {
                        "description": "Forbidden: Request is missing CSRF token or administrator is missing access profile permissions."
                    },
                    "404": {
                        "description": "Resource Not Found: Unable to find the specified resource."
                    },
                    "405": {
                        "description": "Method Not Allowed: Specified HTTP method is not allowed for this resource. "
                    },
                    "424": {
                        "description": "Failed Dependency: Fail dependency can be duplicate resource, missing required parameter, missing required attribute, invalid attribute value"
                    },
                    "200": {
                        "description": "OK: Request returns successful"
                    },
                    "500": {
                        "description": "Internal Server Error: Internal error when processing the request "
                    },
                    "413": {
                        "description": "Request Entity Too Large: Request cannot be processed due to large entity "
                    },
                    "429": {
                        "description": "Access temporarily blocked: Maximum failed authentications reached. The offended source is temporarily blocked for certain amount of time."
                    }
                },
                "parameters": [
                    {
                        "name": "start",
                        "in": "query",
                        "description": "Starting entry index.",
                        "required": false,
                        "type": "integer"
                    },
                    {
                        "name": "count",
                        "in": "query",
                        "description": "Maximum number of entries to return (Default for all routes).",
                        "required": false,
                        "type": "integer"
                    },
                    {
                        "name": "ip_mask",
                        "in": "query",
                        "description": "Filter: IP\/netmask.",
                        "required": false,
                        "type": "string"
                    },
                    {
                        "name": "gateway",
                        "in": "query",
                        "description": "Filter: gateway.",
                        "required": false,
                        "type": "string"
                    },
                    {
                        "name": "type",
                        "in": "query",
                        "description": "Filter: route type.",
                        "required": false,
                        "type": "string"
                    },
                    {
                        "name": "interface",
                        "in": "query",
                        "description": "Filter: interface name.",
                        "required": false,
                        "type": "string"
                    }
                ],
                "tags": [
                    "router"
                ]
            }
        },
        "\/router\/statistics": {
            "get": {
                "summary": "Retrieve routing table statistics, including number of matched routes.\nAccess Group: sysgrp.cfg",
                "responses": {
                    "400": {
                        "description": "Bad Request: Request cannot be processed by the API"
                    },
                    "401": {
                        "description": "Not Authorized: Request without successful login session"
                    },
                    "403": {
                        "description": "Forbidden: Request is missing CSRF token or administrator is missing access profile permissions."
                    },
                    "404": {
                        "description": "Resource Not Found: Unable to find the specified resource."
                    },
                    "405": {
                        "description": "Method Not Allowed: Specified HTTP method is not allowed for this resource. "
                    },
                    "424": {
                        "description": "Failed Dependency: Fail dependency can be duplicate resource, missing required parameter, missing required attribute, invalid attribute value"
                    },
                    "200": {
                        "description": "OK: Request returns successful"
                    },
                    "500": {
                        "description": "Internal Server Error: Internal error when processing the request "
                    },
                    "413": {
                        "description": "Request Entity Too Large: Request cannot be processed due to large entity "
                    },
                    "429": {
                        "description": "Access temporarily blocked: Maximum failed authentications reached. The offended source is temporarily blocked for certain amount of time."
                    }
                },
                "parameters": [
                    {
                        "name": "ip_version",
                        "in": "query",
                        "description": "IP version (4|6). If not present, IPv4 and IPv6 will be returned.",
                        "required": false,
                        "type": "integer"
                    },
                    {
                        "name": "ip_mask",
                        "in": "query",
                        "description": "Filter: IP\/netmask.",
                        "required": false,
                        "type": "string"
                    },
                    {
                        "name": "gateway",
                        "in": "query",
                        "description": "Filter: gateway.",
                        "required": false,
                        "type": "string"
                    },
                    {
                        "name": "type",
                        "in": "query",
                        "description": "Filter: route type.",
                        "required": false,
                        "type": "string"
                    },
                    {
                        "name": "interface",
                        "in": "query",
                        "description": "Filter: interface name.",
                        "required": false,
                        "type": "string"
                    }
                ],
                "tags": [
                    "router"
                ]
            }
        },
        "\/router\/lookup": {
            "get": {
                "summary": "Performs a route lookup by querying the routing table.\nAccess Group: netgrp.route-cfg",
                "responses": {
                    "400": {
                        "description": "Bad Request: Request cannot be processed by the API"
                    },
                    "401": {
                        "description": "Not Authorized: Request without successful login session"
                    },
                    "403": {
                        "description": "Forbidden: Request is missing CSRF token or administrator is missing access profile permissions."
                    },
                    "404": {
                        "description": "Resource Not Found: Unable to find the specified resource."
                    },
                    "405": {
                        "description": "Method Not Allowed: Specified HTTP method is not allowed for this resource. "
                    },
                    "424": {
                        "description": "Failed Dependency: Fail dependency can be duplicate resource, missing required parameter, missing required attribute, invalid attribute value"
                    },
                    "200": {
                        "description": "OK: Request returns successful"
                    },
                    "500": {
                        "description": "Internal Server Error: Internal error when processing the request "
                    },
                    "413": {
                        "description": "Request Entity Too Large: Request cannot be processed due to large entity "
                    },
                    "429": {
                        "description": "Access temporarily blocked: Maximum failed authentications reached. The offended source is temporarily blocked for certain amount of time."
                    }
                },
                "parameters": [
                    {
                        "name": "ipv6",
                        "in": "query",
                        "description": "Perform an IPv6 lookup.",
                        "required": false,
                        "type": "boolean"
                    },
                    {
                        "name": "destination",
                        "in": "query",
                        "description": "Destination IP\/FQDN.",
                        "required": true,
                        "type": "string"
                    }
                ],
                "tags": [
                    "router"
                ]
            }
        },
        "\/router\/lookup-policy": {
            "get": {
                "summary": "Performs a route lookup by querying the policy routing table.\nAccess Group: netgrp.route-cfg",
                "responses": {
                    "400": {
                        "description": "Bad Request: Request cannot be processed by the API"
                    },
                    "401": {
                        "description": "Not Authorized: Request without successful login session"
                    },
                    "403": {
                        "description": "Forbidden: Request is missing CSRF token or administrator is missing access profile permissions."
                    },
                    "404": {
                        "description": "Resource Not Found: Unable to find the specified resource."
                    },
                    "405": {
                        "description": "Method Not Allowed: Specified HTTP method is not allowed for this resource. "
                    },
                    "424": {
                        "description": "Failed Dependency: Fail dependency can be duplicate resource, missing required parameter, missing required attribute, invalid attribute value"
                    },
                    "200": {
                        "description": "OK: Request returns successful"
                    },
                    "500": {
                        "description": "Internal Server Error: Internal error when processing the request "
                    },
                    "413": {
                        "description": "Request Entity Too Large: Request cannot be processed due to large entity "
                    },
                    "429": {
                        "description": "Access temporarily blocked: Maximum failed authentications reached. The offended source is temporarily blocked for certain amount of time."
                    }
                },
                "parameters": [
                    {
                        "name": "ipv6",
                        "in": "query",
                        "description": "Perform an IPv6 lookup.",
                        "required": false,
                        "type": "boolean"
                    },
                    {
                        "name": "destination",
                        "in": "query",
                        "description": "Destination IP\/FQDN.",
                        "required": true,
                        "type": "string"
                    },
                    {
                        "name": "source",
                        "in": "query",
                        "description": "Source IP\/FQDN.",
                        "required": false,
                        "type": "string"
                    },
                    {
                        "name": "destination_port",
                        "in": "query",
                        "description": "Destination Port.",
                        "required": false,
                        "type": "integer"
                    },
                    {
                        "name": "interface_name",
                        "in": "query",
                        "description": "Incoming Interface.",
                        "required": false,
                        "type": "string"
                    },
                    {
                        "name": "protocol_number",
                        "in": "query",
                        "description": "IP Protocol Number.",
                        "required": false,
                        "type": "integer"
                    }
                ],
                "tags": [
                    "router"
                ]
            }
        },
        "\/router\/policy": {
            "get": {
                "summary": "Retrieve a list of active IPv4 policy routes.\nAccess Group: netgrp.route-cfg",
                "responses": {
                    "400": {
                        "description": "Bad Request: Request cannot be processed by the API"
                    },
                    "401": {
                        "description": "Not Authorized: Request without successful login session"
                    },
                    "403": {
                        "description": "Forbidden: Request is missing CSRF token or administrator is missing access profile permissions."
                    },
                    "404": {
                        "description": "Resource Not Found: Unable to find the specified resource."
                    },
                    "405": {
                        "description": "Method Not Allowed: Specified HTTP method is not allowed for this resource. "
                    },
                    "424": {
                        "description": "Failed Dependency: Fail dependency can be duplicate resource, missing required parameter, missing required attribute, invalid attribute value"
                    },
                    "200": {
                        "description": "OK: Request returns successful",
                        "schema": {
                            "anyOf": [
                                {
                                    "title": "IPv4 Policy Routes",
                                    "description": "List all IPv4 policy routes.",
                                    "type": "array",
                                    "items": {
                                        "title": "Policy Route",
                                        "description": "Details for a policy route.",
                                        "type": "object",
                                        "required": [
                                            "id",
                                            "enabled",
                                            "action",
                                            "protocol"
                                        ],
                                        "properties": {
                                            "id": {
                                                "title": "Policy Route ID",
                                                "description": "ID of the policy route.",
                                                "type": "integer"
                                            },
                                            "enabled": {
                                                "title": "Enabled",
                                                "description": "True when the policy route is enabled.",
                                                "type": "boolean"
                                            },
                                            "action": {
                                                "title": "Action",
                                                "type": "string",
                                                "description": "Action to take when traffic matches the policy route.",
                                                "enum": [
                                                    "route",
                                                    "deny"
                                                ]
                                            },
                                            "negate_source": {
                                                "title": "Negate Source",
                                                "description": "True when negate source address match is enabled.",
                                                "type": "boolean"
                                            },
                                            "negate_destination": {
                                                "title": "Negate Destination",
                                                "description": "True when negate destination address match is enabled.",
                                                "type": "boolean"
                                            },
                                            "protocol": {
                                                "title": "Protocol Number",
                                                "description": "IP protocol number. 0 means all protocols.",
                                                "type": "integer"
                                            },
                                            "protocol_name": {
                                                "title": "Protocol Name",
                                                "description": "IP protocol name.",
                                                "type": "string"
                                            },
                                            "type_of_service": {
                                                "title": "Type of Service",
                                                "description": "Matching rules for the ToS field of the IPv4 header.",
                                                "type": "object",
                                                "properties": {
                                                    "pattern": {
                                                        "title": "Pattern",
                                                        "description": "ToS bit pattern. The format is 0xff.",
                                                        "type": "string"
                                                    },
                                                    "mask": {
                                                        "title": "Mask",
                                                        "description": "ToS bits to evaluate. The format is 0xff.",
                                                        "type": "string"
                                                    }
                                                }
                                            },
                                            "src_interfaces": {
                                                "title": "Source Interfaces",
                                                "description": "A list of source interface names.",
                                                "type": "array",
                                                "items": {
                                                    "title": "Source Interface",
                                                    "description": "A source interface for this route.",
                                                    "type": "string"
                                                }
                                            },
                                            "dst_interfaces": {
                                                "title": "Destination Interfaces",
                                                "description": "A list of destination interface names.",
                                                "type": "array",
                                                "items": {
                                                    "title": "Destination Interface",
                                                    "description": "A destination interface for this route.",
                                                    "type": "string"
                                                }
                                            },
                                            "gateway": {
                                                "title": "Gateway",
                                                "description": "A map associating outgoing interface names to their gateway address.",
                                                "type": "object",
                                                "additionalProperties": {
                                                    "title": "Interface Gateway Association",
                                                    "description": "Each key is an outgoing interface name. Each value is the IPv4 gateway address associated with that interface.",
                                                    "type": "string"
                                                }
                                            },
                                            "src_port": {
                                                "title": "Source Port Range",
                                                "description": "The range of source ports.",
                                                "type": "object",
                                                "required": [
                                                    "from",
                                                    "to"
                                                ],
                                                "properties": {
                                                    "from": {
                                                        "title": "Starting Port",
                                                        "description": "Starting port of the port range.",
                                                        "type": "integer"
                                                    },
                                                    "to": {
                                                        "title": "Ending Port",
                                                        "description": "Ending port of the port range.",
                                                        "type": "integer"
                                                    }
                                                }
                                            },
                                            "dst_ports": {
                                                "title": "Destination Port Ranges",
                                                "description": "A list of destination port ranges.",
                                                "type": "array",
                                                "items": {
                                                    "title": "Destination Port Range",
                                                    "description": "A range of destination ports for this route.",
                                                    "type": "object",
                                                    "required": [
                                                        "from",
                                                        "to"
                                                    ],
                                                    "properties": {
                                                        "from": {
                                                            "title": "Starting Port",
                                                            "description": "Starting port of the port range.",
                                                            "type": "integer"
                                                        },
                                                        "to": {
                                                            "title": "Ending Port",
                                                            "description": "Ending port of the port range.",
                                                            "type": "integer"
                                                        }
                                                    }
                                                }
                                            },
                                            "source_addresses": {
                                                "title": "Source Address Ranges",
                                                "description": "A list of IPv4 source address ranges.",
                                                "type": "array",
                                                "items": {
                                                    "title": "Source Address Range",
                                                    "description": "A source address range for this route.",
                                                    "type": "object",
                                                    "required": [
                                                        "from",
                                                        "to"
                                                    ],
                                                    "properties": {
                                                        "from": {
                                                            "title": "Starting Address",
                                                            "description": "Starting IPv4 address of the address range.",
                                                            "type": "string"
                                                        },
                                                        "to": {
                                                            "title": "Ending Address",
                                                            "description": "Ending IPv4 address of the address range.",
                                                            "type": "string"
                                                        }
                                                    }
                                                }
                                            },
                                            "dst_addresses": {
                                                "title": "Destination Address Ranges",
                                                "description": "A list of IPv4 destination address ranges.",
                                                "type": "array",
                                                "items": {
                                                    "title": "Destination Address Range",
                                                    "description": "A destination address range for this route.",
                                                    "type": "object",
                                                    "required": [
                                                        "from",
                                                        "to"
                                                    ],
                                                    "properties": {
                                                        "from": {
                                                            "title": "Starting Address",
                                                            "description": "Starting IPv4 address of the address range.",
                                                            "type": "string"
                                                        },
                                                        "to": {
                                                            "title": "Ending Address",
                                                            "description": "Ending IPv4 address of the address range.",
                                                            "type": "string"
                                                        }
                                                    }
                                                }
                                            },
                                            "src_address_objects": {
                                                "title": "Source Address FQDN Objects",
                                                "description": "A list of FQDN source addresses.",
                                                "type": "array",
                                                "items": {
                                                    "title": "Source Address FQDN Object",
                                                    "description": "A source firewall FQDN address for this route.",
                                                    "type": "object",
                                                    "properties": {
                                                        "id": {
                                                            "title": "FQDN Object ID",
                                                            "description": "ID of the FQDN address object.",
                                                            "type": "integer"
                                                        },
                                                        "name": {
                                                            "title": "FQDN Object Name",
                                                            "description": "Name of the FQDN address object.",
                                                            "type": "string"
                                                        }
                                                    }
                                                }
                                            },
                                            "dst_address_objects": {
                                                "title": "Destination Address FQDN Objects",
                                                "description": "A list of FQDN destination addresses.",
                                                "type": "array",
                                                "items": {
                                                    "title": "Destination Address FQDN Object",
                                                    "description": "A destination firewall FQDN address for this route.",
                                                    "type": "object",
                                                    "properties": {
                                                        "id": {
                                                            "title": "FQDN Object ID",
                                                            "description": "ID of the FQDN address object.",
                                                            "type": "integer"
                                                        },
                                                        "name": {
                                                            "title": "FQDN Object Name",
                                                            "description": "Name of the FQDN address object.",
                                                            "type": "string"
                                                        }
                                                    }
                                                }
                                            },
                                            "src_countries": {
                                                "title": "Source Address Countries",
                                                "description": "A list of source country addresses.",
                                                "type": "array",
                                                "items": {
                                                    "title": "Source Address Country",
                                                    "description": "A country address identifier for the source.",
                                                    "type": "string"
                                                }
                                            },
                                            "dst_countries": {
                                                "title": "Destination Address Countries",
                                                "description": "A list of destination country addresses.",
                                                "type": "array",
                                                "items": {
                                                    "title": "Destination Address Country",
                                                    "description": "A destination county address.",
                                                    "type": "string"
                                                }
                                            },
                                            "src_wildcard": {
                                                "title": "Source Wildcard Addresses",
                                                "description": "A list of source IPv4 subnet addresses.",
                                                "type": "array",
                                                "items": {
                                                    "title": "Source Wildcard Address",
                                                    "description": "A source wildcard firewall address for this route.",
                                                    "type": "string"
                                                }
                                            },
                                            "dst_wildcard": {
                                                "title": "Destination Wildcard Addresses",
                                                "description": "A list of destination IPv4 subnet addresses.",
                                                "type": "array",
                                                "items": {
                                                    "title": "Destination Wildcard Address",
                                                    "description": "A destination wildcard firewall address for this route.",
                                                    "type": "string"
                                                }
                                            },
                                            "internet_services": {
                                                "title": "Destination Internet Services",
                                                "description": "A list of destination internet services.",
                                                "type": "array",
                                                "items": {
                                                    "title": "Destination Internet Service",
                                                    "description": "A destination internet service for this route.",
                                                    "type": "string"
                                                }
                                            },
                                            "user_groups": {
                                                "title": "User Groups",
                                                "description": "User groups for source address matching. Only used for SD-WAN rules.",
                                                "type": "array",
                                                "items": {
                                                    "title": "User Group",
                                                    "description": "A user group for source address matching.",
                                                    "type": "object",
                                                    "properties": {
                                                        "type": {
                                                            "title": "User Group Type",
                                                            "type": "string",
                                                            "description": "Type of the user group.",
                                                            "enum": [
                                                                "user",
                                                                "group"
                                                            ]
                                                        },
                                                        "name": {
                                                            "title": "User Group Name",
                                                            "description": "Name of the user group.",
                                                            "type": "string"
                                                        }
                                                    }
                                                }
                                            },
                                            "is_static_route": {
                                                "title": "Static Route",
                                                "description": "True when this policy route is created by a static route. Static routes based on internet service will provision a policy route.",
                                                "type": "boolean"
                                            },
                                            "static_route_id": {
                                                "title": "Static Route ID",
                                                "description": "The ID of the static route that created this policy route.",
                                                "type": "integer"
                                            },
                                            "is_vwl_route": {
                                                "title": "SD-WAN Route",
                                                "description": "True when this policy route is created by a SD-WAN rule.",
                                                "type": "boolean"
                                            },
                                            "vwl_rule": {
                                                "title": "SD-WAN Rule",
                                                "description": "The SD-WAN rule that created this policy route.",
                                                "type": "object",
                                                "required": [
                                                    "id"
                                                ],
                                                "properties": {
                                                    "id": {
                                                        "title": "SD-WAN Rule ID",
                                                        "description": "ID of the SD-WAN rule.",
                                                        "type": "integer"
                                                    },
                                                    "name": {
                                                        "title": "SD-WAN Rule Name",
                                                        "description": "Name of the SD-WAN rule.",
                                                        "type": "string"
                                                    }
                                                }
                                            },
                                            "last_used": {
                                                "type": "integer",
                                                "title": "Last Used",
                                                "description": "Timestamp of when the policy route was last used."
                                            },
                                            "hit_count": {
                                                "type": "integer",
                                                "title": "Hit Count",
                                                "description": "Number of times the policy route has been used."
                                            }
                                        }
                                    }
                                },
                                {
                                    "title": "IPv4 Policy Routes Count",
                                    "description": "If the parameter count_only is set to true, the total number of policy routes will be returned instead.",
                                    "type": "object",
                                    "properties": {
                                        "count": {
                                            "title": "Count",
                                            "description": "The number of IPv4 policy routes.",
                                            "type": "integer"
                                        }
                                    }
                                }
                            ]
                        }
                    },
                    "500": {
                        "description": "Internal Server Error: Internal error when processing the request "
                    },
                    "413": {
                        "description": "Request Entity Too Large: Request cannot be processed due to large entity "
                    },
                    "429": {
                        "description": "Access temporarily blocked: Maximum failed authentications reached. The offended source is temporarily blocked for certain amount of time."
                    }
                },
                "parameters": [
                    {
                        "name": "start",
                        "in": "query",
                        "description": "Starting entry index.",
                        "required": false,
                        "type": "integer"
                    },
                    {
                        "name": "count",
                        "in": "query",
                        "description": "Maximum number of entries to return.",
                        "required": false,
                        "type": "integer"
                    },
                    {
                        "name": "count_only",
                        "in": "query",
                        "description": "Returns the number of IPv4 policy routes only.",
                        "required": false,
                        "type": "boolean"
                    }
                ],
                "tags": [
                    "router"
                ]
            }
        },
        "\/router\/policy6": {
            "get": {
                "summary": "Retrieve a list of active IPv6 policy routes.\nAccess Group: netgrp.route-cfg",
                "responses": {
                    "400": {
                        "description": "Bad Request: Request cannot be processed by the API"
                    },
                    "401": {
                        "description": "Not Authorized: Request without successful login session"
                    },
                    "403": {
                        "description": "Forbidden: Request is missing CSRF token or administrator is missing access profile permissions."
                    },
                    "404": {
                        "description": "Resource Not Found: Unable to find the specified resource."
                    },
                    "405": {
                        "description": "Method Not Allowed: Specified HTTP method is not allowed for this resource. "
                    },
                    "424": {
                        "description": "Failed Dependency: Fail dependency can be duplicate resource, missing required parameter, missing required attribute, invalid attribute value"
                    },
                    "200": {
                        "description": "OK: Request returns successful",
                        "schema": {
                            "anyOf": [
                                {
                                    "title": "IPv6 Policy Routes",
                                    "description": "List all IPv6 policy routes.",
                                    "type": "array",
                                    "items": {
                                        "title": "IPv6 Policy Route",
                                        "description": "Details for an IPv6 policy route.",
                                        "type": "object",
                                        "required": [
                                            "id",
                                            "enabled",
                                            "protocol"
                                        ],
                                        "properties": {
                                            "id": {
                                                "title": "Policy Route ID",
                                                "description": "ID of the policy route.",
                                                "type": "integer"
                                            },
                                            "enabled": {
                                                "title": "Enabled",
                                                "description": "True when the policy route is enabled.",
                                                "type": "boolean"
                                            },
                                            "protocol": {
                                                "title": "Protocol Number",
                                                "description": "IP protocol number. 0 means all protocols.",
                                                "type": "integer"
                                            },
                                            "protocol_name": {
                                                "title": "Protocol Name",
                                                "description": "IP protocol name.",
                                                "type": "string"
                                            },
                                            "type_of_service": {
                                                "title": "Type of Service",
                                                "description": "Matching rules for the ToS field of the IPv6 header.",
                                                "type": "object",
                                                "properties": {
                                                    "pattern": {
                                                        "title": "Pattern",
                                                        "description": "ToS bit pattern. The format is 0xff.",
                                                        "type": "string"
                                                    },
                                                    "mask": {
                                                        "title": "Mask",
                                                        "description": "ToS bits to evaluate. The format is 0xff.",
                                                        "type": "string"
                                                    }
                                                }
                                            },
                                            "srcintf": {
                                                "title": "Source Interfaces",
                                                "description": "A list of source interface names.",
                                                "type": "array",
                                                "items": {
                                                    "title": "Source Interface",
                                                    "description": "A source interface for this route.",
                                                    "type": "string"
                                                }
                                            },
                                            "dstintf": {
                                                "title": "Destination Interfaces",
                                                "description": "A list of destination interface names.",
                                                "type": "array",
                                                "items": {
                                                    "title": "Destination Interface",
                                                    "description": "A destination interface for this route.",
                                                    "type": "string"
                                                }
                                            },
                                            "gateway": {
                                                "title": "Gateway",
                                                "description": "A map associating outgoing interface names to their gateway address.",
                                                "type": "object",
                                                "additionalProperties": {
                                                    "title": "Interface Gateway Association",
                                                    "description": "Each key is an outgoing interface name. Each value is the IPv6 gateway address associated with that interface.",
                                                    "type": "string"
                                                }
                                            },
                                            "port": {
                                                "title": "Destination Port Range",
                                                "description": "The range of destination ports.",
                                                "type": "object",
                                                "required": [
                                                    "from",
                                                    "to"
                                                ],
                                                "properties": {
                                                    "from": {
                                                        "title": "Starting Port",
                                                        "description": "Starting port of the port range.",
                                                        "type": "integer"
                                                    },
                                                    "to": {
                                                        "title": "Ending Port",
                                                        "description": "Ending port of the port range.",
                                                        "type": "integer"
                                                    }
                                                }
                                            },
                                            "srcaddr": {
                                                "title": "Source Addresses",
                                                "description": "Source IPv6 subnet addresses.",
                                                "type": "array",
                                                "items": {
                                                    "title": "Source Address",
                                                    "description": "A source firewall address for this route.",
                                                    "type": "string"
                                                }
                                            },
                                            "dstaddr": {
                                                "title": "Destination Addresses",
                                                "description": "Destination IPv6 subnet addresses.",
                                                "type": "array",
                                                "items": {
                                                    "title": "Destination Address",
                                                    "description": "A destination firewall address for this route.",
                                                    "type": "string"
                                                }
                                            },
                                            "is_vwl_route": {
                                                "title": "SD-WAN Route",
                                                "description": "True when this policy route is created by an SD-WAN rule.",
                                                "type": "boolean"
                                            },
                                            "vwl_rule": {
                                                "title": "SD-WAN Rule",
                                                "description": "The SD-WAN rule that created this policy route.",
                                                "type": "object",
                                                "required": [
                                                    "id"
                                                ],
                                                "properties": {
                                                    "id": {
                                                        "title": "SD-WAN Rule ID",
                                                        "description": "ID of the SD-WAN rule.",
                                                        "type": "integer"
                                                    },
                                                    "name": {
                                                        "title": "SD-WAN Rule Name",
                                                        "description": "Name of the SD-WAN rule.",
                                                        "type": "string"
                                                    }
                                                }
                                            },
                                            "last_used": {
                                                "type": "integer",
                                                "title": "Last Used",
                                                "description": "Timestamp of when the policy route was last used."
                                            },
                                            "hit_count": {
                                                "type": "integer",
                                                "title": "Hit Count",
                                                "description": "Number of times the policy route has been used."
                                            }
                                        }
                                    }
                                },
                                {
                                    "title": "IPv6 Policy Routes Count",
                                    "description": "If the parameter count_only is set to true, the total number of policy routes will be returned instead.",
                                    "type": "object",
                                    "properties": {
                                        "count": {
                                            "title": "Count",
                                            "description": "The number of IPv6 policy routes.",
                                            "type": "integer"
                                        }
                                    }
                                }
                            ]
                        }
                    },
                    "500": {
                        "description": "Internal Server Error: Internal error when processing the request "
                    },
                    "413": {
                        "description": "Request Entity Too Large: Request cannot be processed due to large entity "
                    },
                    "429": {
                        "description": "Access temporarily blocked: Maximum failed authentications reached. The offended source is temporarily blocked for certain amount of time."
                    }
                },
                "parameters": [
                    {
                        "name": "start",
                        "in": "query",
                        "description": "Starting entry index.",
                        "required": false,
                        "type": "integer"
                    },
                    {
                        "name": "count",
                        "in": "query",
                        "description": "Maximum number of entries to return.",
                        "required": false,
                        "type": "integer"
                    },
                    {
                        "name": "count_only",
                        "in": "query",
                        "description": "Returns the number of IPv6 policy routes only.",
                        "required": false,
                        "type": "boolean"
                    }
                ],
                "tags": [
                    "router"
                ]
            }
        }
    }
}