{
    "swagger": "2.0",
    "info": {
        "termsOfService": "http:\/\/fortinet.com\/terms\/",
        "version": "v2",
        "contact": {
            "url": "http:\/\/modskristensen.net",
            "name": "FortiOS Web Application Team",
            "email": "fosguiqateam@fortinet.com"
        },
        "description": "REST API for configuring FortiOS objects and settings",
        "title": "FortiOS Monitor"
    },
    "host": "172.16.177.65",
    "basePath": "\/api\/v2\/monitor",
    "schemes": [
        "https"
    ],
    "consumes": [
        "application\/json"
    ],
    "produces": [
        "application\/json"
    ],
    "securityDefinitions": {
        "APIKeyQueryParam": {
            "type": "apiKey",
            "name": "access_token",
            "in": "query"
        }
    },
    "security": [
        {
            "APIKeyQueryParam": []
        }
    ],
    "paths": {
        "\/azure\/application-list": {
            "get": {
                "summary": "Retrieve a list of Azure applications that can be used for configuring an Azure SDN connector.\nAccess Group: sysgrp.cfg",
                "responses": {
                    "400": {
                        "description": "Bad Request: Request cannot be processed by the API"
                    },
                    "401": {
                        "description": "Not Authorized: Request without successful login session"
                    },
                    "403": {
                        "description": "Forbidden: Request is missing CSRF token or administrator is missing access profile permissions."
                    },
                    "404": {
                        "description": "Resource Not Found: Unable to find the specified resource."
                    },
                    "405": {
                        "description": "Method Not Allowed: Specified HTTP method is not allowed for this resource. "
                    },
                    "424": {
                        "description": "Failed Dependency: Fail dependency can be duplicate resource, missing required parameter, missing required attribute, invalid attribute value"
                    },
                    "200": {
                        "description": "OK: Request returns successful",
                        "schema": {
                            "title": "Azure Application List",
                            "description": "List all Azure applications accessible by the managed identity assigned to this Azure VM.",
                            "type": "object",
                            "properties": {
                                "tenant_ids": {
                                    "type": "array",
                                    "title": "Tenant IDs",
                                    "description": "List of tenant IDs.",
                                    "items": {
                                        "type": "object",
                                        "title": "Tenant ID",
                                        "description": "Tenant ID information.",
                                        "properties": {
                                            "tenant_id": {
                                                "type": "string",
                                                "title": "Tenant ID",
                                                "description": "The tenant ID."
                                            },
                                            "display_name": {
                                                "type": "string",
                                                "title": "Tenant Name",
                                                "description": "Name of the tenant ID."
                                            }
                                        }
                                    }
                                },
                                "client_ids": {
                                    "type": "array",
                                    "title": "Client IDs",
                                    "description": "List of client IDs.",
                                    "items": {
                                        "type": "object",
                                        "title": "Client ID",
                                        "description": "Client ID information.",
                                        "properties": {
                                            "client_id": {
                                                "type": "string",
                                                "title": "Client ID",
                                                "description": "The client ID."
                                            },
                                            "display_name": {
                                                "type": "string",
                                                "title": "Client Name",
                                                "description": "Name of the client ID."
                                            }
                                        }
                                    }
                                }
                            }
                        }
                    },
                    "500": {
                        "description": "Internal Server Error: Internal error when processing the request "
                    },
                    "413": {
                        "description": "Request Entity Too Large: Request cannot be processed due to large entity "
                    },
                    "429": {
                        "description": "Access temporarily blocked: Maximum failed authentications reached. The offended source is temporarily blocked for certain amount of time."
                    }
                },
                "tags": [
                    "azure"
                ]
            }
        },
        "\/azure\/application-list\/refresh": {
            "post": {
                "summary": "Update the Azure application list data or get the status of an update.\nAccess Group: sysgrp.cfg",
                "responses": {
                    "400": {
                        "description": "Bad Request: Request cannot be processed by the API"
                    },
                    "401": {
                        "description": "Not Authorized: Request without successful login session"
                    },
                    "403": {
                        "description": "Forbidden: Request is missing CSRF token or administrator is missing access profile permissions."
                    },
                    "404": {
                        "description": "Resource Not Found: Unable to find the specified resource."
                    },
                    "405": {
                        "description": "Method Not Allowed: Specified HTTP method is not allowed for this resource. "
                    },
                    "424": {
                        "description": "Failed Dependency: Fail dependency can be duplicate resource, missing required parameter, missing required attribute, invalid attribute value"
                    },
                    "200": {
                        "description": "OK: Request returns successful",
                        "schema": {
                            "title": "Azure Application List Refresh and Status",
                            "description": "Refreshes the Azure application list data or gets the status of a refresh.",
                            "type": "object",
                            "properties": {
                                "status": {
                                    "type": "string",
                                    "title": "Status",
                                    "description": "Status of the application list refresh.",
                                    "enum": [
                                        "failed",
                                        "finished",
                                        "pending"
                                    ]
                                },
                                "update_timestamp": {
                                    "type": "integer",
                                    "title": "Update Timestamp",
                                    "description": "Timestamp of when the update request was made. This is used to get the status of the update."
                                }
                            }
                        }
                    },
                    "500": {
                        "description": "Internal Server Error: Internal error when processing the request "
                    },
                    "413": {
                        "description": "Request Entity Too Large: Request cannot be processed due to large entity "
                    },
                    "429": {
                        "description": "Access temporarily blocked: Maximum failed authentications reached. The offended source is temporarily blocked for certain amount of time."
                    }
                },
                "parameters": [
                    {
                        "name": "body",
                        "in": "body",
                        "description": "Possible parameters to go in the body for the request.",
                        "required": true,
                        "schema": {
                            "properties": {
                                "last_update_time": {
                                    "description": "Timestamp of a previous update request. If this is not provided then it will refresh the Azure application list data.",
                                    "type": "integer"
                                }
                            }
                        }
                    }
                ],
                "tags": [
                    "azure"
                ]
            }
        }
    }
}