{
    "swagger": "2.0",
    "info": {
        "termsOfService": "http:\/\/fortinet.com\/terms\/",
        "version": "v2",
        "contact": {
            "url": "http:\/\/modskristensen.net",
            "name": "FortiOS Web Application Team",
            "email": "fosguiqateam@fortinet.com"
        },
        "description": "REST API for configuring FortiOS objects and settings",
        "title": "FortiOS Monitor"
    },
    "host": "172.16.177.65",
    "basePath": "\/api\/v2\/monitor",
    "schemes": [
        "https"
    ],
    "consumes": [
        "application\/json"
    ],
    "produces": [
        "application\/json"
    ],
    "securityDefinitions": {
        "APIKeyQueryParam": {
            "type": "apiKey",
            "name": "access_token",
            "in": "query"
        }
    },
    "security": [
        {
            "APIKeyQueryParam": []
        }
    ],
    "paths": {
        "\/webfilter\/override": {
            "get": {
                "summary": "List all administrative and user initiated webfilter overrides.\nAccess Group: utmgrp.webfilter",
                "responses": {
                    "400": {
                        "description": "Bad Request: Request cannot be processed by the API"
                    },
                    "401": {
                        "description": "Not Authorized: Request without successful login session"
                    },
                    "403": {
                        "description": "Forbidden: Request is missing CSRF token or administrator is missing access profile permissions."
                    },
                    "404": {
                        "description": "Resource Not Found: Unable to find the specified resource."
                    },
                    "405": {
                        "description": "Method Not Allowed: Specified HTTP method is not allowed for this resource. "
                    },
                    "424": {
                        "description": "Failed Dependency: Fail dependency can be duplicate resource, missing required parameter, missing required attribute, invalid attribute value"
                    },
                    "200": {
                        "description": "OK: Request returns successful"
                    },
                    "500": {
                        "description": "Internal Server Error: Internal error when processing the request "
                    },
                    "413": {
                        "description": "Request Entity Too Large: Request cannot be processed due to large entity "
                    },
                    "429": {
                        "description": "Access temporarily blocked: Maximum failed authentications reached. The offended source is temporarily blocked for certain amount of time."
                    }
                },
                "tags": [
                    "webfilter"
                ]
            }
        },
        "\/webfilter\/override\/delete": {
            "post": {
                "summary": "Delete a configured webfilter override.\nAccess Group: utmgrp.webfilter",
                "responses": {
                    "400": {
                        "description": "Bad Request: Request cannot be processed by the API"
                    },
                    "401": {
                        "description": "Not Authorized: Request without successful login session"
                    },
                    "403": {
                        "description": "Forbidden: Request is missing CSRF token or administrator is missing access profile permissions."
                    },
                    "404": {
                        "description": "Resource Not Found: Unable to find the specified resource."
                    },
                    "405": {
                        "description": "Method Not Allowed: Specified HTTP method is not allowed for this resource. "
                    },
                    "424": {
                        "description": "Failed Dependency: Fail dependency can be duplicate resource, missing required parameter, missing required attribute, invalid attribute value"
                    },
                    "200": {
                        "description": "OK: Request returns successful"
                    },
                    "500": {
                        "description": "Internal Server Error: Internal error when processing the request "
                    },
                    "413": {
                        "description": "Request Entity Too Large: Request cannot be processed due to large entity "
                    },
                    "429": {
                        "description": "Access temporarily blocked: Maximum failed authentications reached. The offended source is temporarily blocked for certain amount of time."
                    }
                },
                "parameters": [
                    {
                        "name": "body",
                        "in": "body",
                        "description": "Possible parameters to go in the body for the request.",
                        "required": true,
                        "schema": {
                            "properties": {
                                "mkey": {
                                    "description": "ID of webfilter override to delete.",
                                    "type": "string"
                                }
                            }
                        }
                    }
                ],
                "tags": [
                    "webfilter"
                ]
            }
        },
        "\/webfilter\/malicious-urls": {
            "get": {
                "summary": "List all URLs in FortiSandbox malicious URL database.\nAccess Group: utmgrp.webfilter",
                "responses": {
                    "400": {
                        "description": "Bad Request: Request cannot be processed by the API"
                    },
                    "401": {
                        "description": "Not Authorized: Request without successful login session"
                    },
                    "403": {
                        "description": "Forbidden: Request is missing CSRF token or administrator is missing access profile permissions."
                    },
                    "404": {
                        "description": "Resource Not Found: Unable to find the specified resource."
                    },
                    "405": {
                        "description": "Method Not Allowed: Specified HTTP method is not allowed for this resource. "
                    },
                    "424": {
                        "description": "Failed Dependency: Fail dependency can be duplicate resource, missing required parameter, missing required attribute, invalid attribute value"
                    },
                    "200": {
                        "description": "OK: Request returns successful"
                    },
                    "500": {
                        "description": "Internal Server Error: Internal error when processing the request "
                    },
                    "413": {
                        "description": "Request Entity Too Large: Request cannot be processed due to large entity "
                    },
                    "429": {
                        "description": "Access temporarily blocked: Maximum failed authentications reached. The offended source is temporarily blocked for certain amount of time."
                    }
                },
                "tags": [
                    "webfilter"
                ]
            }
        },
        "\/webfilter\/malicious-urls\/stat": {
            "get": {
                "summary": "Retrieve statistics for the FortiSandbox malicious URL database.\nAccess Group: utmgrp.webfilter",
                "responses": {
                    "400": {
                        "description": "Bad Request: Request cannot be processed by the API"
                    },
                    "401": {
                        "description": "Not Authorized: Request without successful login session"
                    },
                    "403": {
                        "description": "Forbidden: Request is missing CSRF token or administrator is missing access profile permissions."
                    },
                    "404": {
                        "description": "Resource Not Found: Unable to find the specified resource."
                    },
                    "405": {
                        "description": "Method Not Allowed: Specified HTTP method is not allowed for this resource. "
                    },
                    "424": {
                        "description": "Failed Dependency: Fail dependency can be duplicate resource, missing required parameter, missing required attribute, invalid attribute value"
                    },
                    "200": {
                        "description": "OK: Request returns successful"
                    },
                    "500": {
                        "description": "Internal Server Error: Internal error when processing the request "
                    },
                    "413": {
                        "description": "Request Entity Too Large: Request cannot be processed due to large entity "
                    },
                    "429": {
                        "description": "Access temporarily blocked: Maximum failed authentications reached. The offended source is temporarily blocked for certain amount of time."
                    }
                },
                "tags": [
                    "webfilter"
                ]
            }
        },
        "\/webfilter\/category-quota": {
            "get": {
                "summary": "Retrieve quota usage statistics for webfilter categories.\nAccess Group: utmgrp.webfilter",
                "responses": {
                    "400": {
                        "description": "Bad Request: Request cannot be processed by the API"
                    },
                    "401": {
                        "description": "Not Authorized: Request without successful login session"
                    },
                    "403": {
                        "description": "Forbidden: Request is missing CSRF token or administrator is missing access profile permissions."
                    },
                    "404": {
                        "description": "Resource Not Found: Unable to find the specified resource."
                    },
                    "405": {
                        "description": "Method Not Allowed: Specified HTTP method is not allowed for this resource. "
                    },
                    "424": {
                        "description": "Failed Dependency: Fail dependency can be duplicate resource, missing required parameter, missing required attribute, invalid attribute value"
                    },
                    "200": {
                        "description": "OK: Request returns successful"
                    },
                    "500": {
                        "description": "Internal Server Error: Internal error when processing the request "
                    },
                    "413": {
                        "description": "Request Entity Too Large: Request cannot be processed due to large entity "
                    },
                    "429": {
                        "description": "Access temporarily blocked: Maximum failed authentications reached. The offended source is temporarily blocked for certain amount of time."
                    }
                },
                "parameters": [
                    {
                        "name": "profile",
                        "in": "query",
                        "description": "Webfilter profile.",
                        "required": false,
                        "type": "string"
                    },
                    {
                        "name": "user",
                        "in": "query",
                        "description": "User or IP (required if profile specified).",
                        "required": false,
                        "type": "string"
                    }
                ],
                "tags": [
                    "webfilter"
                ]
            }
        },
        "\/webfilter\/category-quota\/reset": {
            "post": {
                "summary": "Reset webfilter quota for user or IP.\nAccess Group: utmgrp.webfilter",
                "responses": {
                    "400": {
                        "description": "Bad Request: Request cannot be processed by the API"
                    },
                    "401": {
                        "description": "Not Authorized: Request without successful login session"
                    },
                    "403": {
                        "description": "Forbidden: Request is missing CSRF token or administrator is missing access profile permissions."
                    },
                    "404": {
                        "description": "Resource Not Found: Unable to find the specified resource."
                    },
                    "405": {
                        "description": "Method Not Allowed: Specified HTTP method is not allowed for this resource. "
                    },
                    "424": {
                        "description": "Failed Dependency: Fail dependency can be duplicate resource, missing required parameter, missing required attribute, invalid attribute value"
                    },
                    "200": {
                        "description": "OK: Request returns successful"
                    },
                    "500": {
                        "description": "Internal Server Error: Internal error when processing the request "
                    },
                    "413": {
                        "description": "Request Entity Too Large: Request cannot be processed due to large entity "
                    },
                    "429": {
                        "description": "Access temporarily blocked: Maximum failed authentications reached. The offended source is temporarily blocked for certain amount of time."
                    }
                },
                "parameters": [
                    {
                        "name": "body",
                        "in": "body",
                        "description": "Possible parameters to go in the body for the request.",
                        "required": true,
                        "schema": {
                            "properties": {
                                "profile": {
                                    "description": "Webfilter profile to reset.",
                                    "type": "string"
                                },
                                "user": {
                                    "description": "User or IP to reset with.",
                                    "type": "string"
                                }
                            }
                        }
                    }
                ],
                "tags": [
                    "webfilter"
                ]
            }
        },
        "\/webfilter\/fortiguard-categories": {
            "get": {
                "summary": "Return FortiGuard web filter categories.\nAccess Group: any",
                "responses": {
                    "400": {
                        "description": "Bad Request: Request cannot be processed by the API"
                    },
                    "401": {
                        "description": "Not Authorized: Request without successful login session"
                    },
                    "403": {
                        "description": "Forbidden: Request is missing CSRF token or administrator is missing access profile permissions."
                    },
                    "404": {
                        "description": "Resource Not Found: Unable to find the specified resource."
                    },
                    "405": {
                        "description": "Method Not Allowed: Specified HTTP method is not allowed for this resource. "
                    },
                    "424": {
                        "description": "Failed Dependency: Fail dependency can be duplicate resource, missing required parameter, missing required attribute, invalid attribute value"
                    },
                    "200": {
                        "description": "OK: Request returns successful"
                    },
                    "500": {
                        "description": "Internal Server Error: Internal error when processing the request "
                    },
                    "413": {
                        "description": "Request Entity Too Large: Request cannot be processed due to large entity "
                    },
                    "429": {
                        "description": "Access temporarily blocked: Maximum failed authentications reached. The offended source is temporarily blocked for certain amount of time."
                    }
                },
                "parameters": [
                    {
                        "name": "include_unrated",
                        "in": "query",
                        "description": "Include Unrated category in result list.",
                        "required": false,
                        "type": "boolean"
                    },
                    {
                        "name": "convert_unrated_id",
                        "in": "query",
                        "description": "Convert Unrated category id to the one for CLI use.",
                        "required": false,
                        "type": "boolean"
                    }
                ],
                "tags": [
                    "webfilter"
                ]
            }
        },
        "\/webfilter\/trusted-urls": {
            "get": {
                "summary": "List all URLs in FortiGuard trusted URL database.\nAccess Group: utmgrp.webfilter",
                "responses": {
                    "400": {
                        "description": "Bad Request: Request cannot be processed by the API"
                    },
                    "401": {
                        "description": "Not Authorized: Request without successful login session"
                    },
                    "403": {
                        "description": "Forbidden: Request is missing CSRF token or administrator is missing access profile permissions."
                    },
                    "404": {
                        "description": "Resource Not Found: Unable to find the specified resource."
                    },
                    "405": {
                        "description": "Method Not Allowed: Specified HTTP method is not allowed for this resource. "
                    },
                    "424": {
                        "description": "Failed Dependency: Fail dependency can be duplicate resource, missing required parameter, missing required attribute, invalid attribute value"
                    },
                    "200": {
                        "description": "OK: Request returns successful"
                    },
                    "500": {
                        "description": "Internal Server Error: Internal error when processing the request "
                    },
                    "413": {
                        "description": "Request Entity Too Large: Request cannot be processed due to large entity "
                    },
                    "429": {
                        "description": "Access temporarily blocked: Maximum failed authentications reached. The offended source is temporarily blocked for certain amount of time."
                    }
                },
                "tags": [
                    "webfilter"
                ]
            }
        }
    }
}