{
    "swagger": "2.0",
    "info": {
        "termsOfService": "http:\/\/fortinet.com\/terms\/",
        "version": "v2",
        "contact": {
            "url": "http:\/\/modskristensen.net",
            "name": "FortiOS Web Application Team",
            "email": "fosguiqateam@fortinet.com"
        },
        "description": "REST API for configuring FortiOS objects and settings",
        "title": "FortiOS Monitor"
    },
    "host": "172.16.177.65",
    "basePath": "\/api\/v2\/monitor",
    "schemes": [
        "https"
    ],
    "consumes": [
        "application\/json"
    ],
    "produces": [
        "application\/json"
    ],
    "securityDefinitions": {
        "APIKeyQueryParam": {
            "type": "apiKey",
            "name": "access_token",
            "in": "query"
        }
    },
    "security": [
        {
            "APIKeyQueryParam": []
        }
    ],
    "paths": {
        "\/vpn-certificate\/ca\/import": {
            "post": {
                "summary": "Import CA certificate.\nAccess Group: vpngrp",
                "responses": {
                    "400": {
                        "description": "Bad Request: Request cannot be processed by the API"
                    },
                    "401": {
                        "description": "Not Authorized: Request without successful login session"
                    },
                    "403": {
                        "description": "Forbidden: Request is missing CSRF token or administrator is missing access profile permissions."
                    },
                    "404": {
                        "description": "Resource Not Found: Unable to find the specified resource."
                    },
                    "405": {
                        "description": "Method Not Allowed: Specified HTTP method is not allowed for this resource. "
                    },
                    "424": {
                        "description": "Failed Dependency: Fail dependency can be duplicate resource, missing required parameter, missing required attribute, invalid attribute value"
                    },
                    "200": {
                        "description": "OK: Request returns successful"
                    },
                    "500": {
                        "description": "Internal Server Error: Internal error when processing the request "
                    },
                    "413": {
                        "description": "Request Entity Too Large: Request cannot be processed due to large entity "
                    },
                    "429": {
                        "description": "Access temporarily blocked: Maximum failed authentications reached. The offended source is temporarily blocked for certain amount of time."
                    }
                },
                "parameters": [
                    {
                        "name": "body",
                        "in": "body",
                        "description": "Possible parameters to go in the body for the request.",
                        "required": true,
                        "schema": {
                            "properties": {
                                "import_method": {
                                    "description": "Method of importing CA certificate.[file|scep]",
                                    "type": "string"
                                },
                                "scep_url": {
                                    "description": "SCEP server URL. Required for import via SCEP",
                                    "type": "string"
                                },
                                "scep_ca_id": {
                                    "description": "SCEP server CA identifier for import via SCEP.",
                                    "type": "string"
                                },
                                "scope": {
                                    "description": "Scope of CA certificate [vdom*|global]. Global scope is only accessible for global administrators",
                                    "type": "string"
                                },
                                "file_content": {
                                    "description": "Provided when uploading a file: base64 encoded file data. Must not contain whitespace or other invalid base64 characters. Must be included in HTTP body.",
                                    "type": "string"
                                }
                            }
                        }
                    }
                ],
                "tags": [
                    "vpn-certificate"
                ]
            }
        },
        "\/vpn-certificate\/crl\/import": {
            "post": {
                "summary": "Import certificate revocation lists (CRL) from file content.\nAccess Group: vpngrp",
                "responses": {
                    "400": {
                        "description": "Bad Request: Request cannot be processed by the API"
                    },
                    "401": {
                        "description": "Not Authorized: Request without successful login session"
                    },
                    "403": {
                        "description": "Forbidden: Request is missing CSRF token or administrator is missing access profile permissions."
                    },
                    "404": {
                        "description": "Resource Not Found: Unable to find the specified resource."
                    },
                    "405": {
                        "description": "Method Not Allowed: Specified HTTP method is not allowed for this resource. "
                    },
                    "424": {
                        "description": "Failed Dependency: Fail dependency can be duplicate resource, missing required parameter, missing required attribute, invalid attribute value"
                    },
                    "200": {
                        "description": "OK: Request returns successful"
                    },
                    "500": {
                        "description": "Internal Server Error: Internal error when processing the request "
                    },
                    "413": {
                        "description": "Request Entity Too Large: Request cannot be processed due to large entity "
                    },
                    "429": {
                        "description": "Access temporarily blocked: Maximum failed authentications reached. The offended source is temporarily blocked for certain amount of time."
                    }
                },
                "parameters": [
                    {
                        "name": "body",
                        "in": "body",
                        "description": "Possible parameters to go in the body for the request.",
                        "required": true,
                        "schema": {
                            "properties": {
                                "scope": {
                                    "description": "Scope of CRL [vdom*|global]. Global scope is only accessible for global administrators",
                                    "type": "string"
                                },
                                "file_content": {
                                    "description": "Provided when uploading a file: base64 encoded file data. Must not contain whitespace or other invalid base64 characters. Must be included in HTTP body.",
                                    "type": "string"
                                }
                            }
                        }
                    }
                ],
                "tags": [
                    "vpn-certificate"
                ]
            }
        },
        "\/vpn-certificate\/local\/import": {
            "post": {
                "summary": "Import local certificate.\nAccess Group: vpngrp",
                "responses": {
                    "400": {
                        "description": "Bad Request: Request cannot be processed by the API"
                    },
                    "401": {
                        "description": "Not Authorized: Request without successful login session"
                    },
                    "403": {
                        "description": "Forbidden: Request is missing CSRF token or administrator is missing access profile permissions."
                    },
                    "404": {
                        "description": "Resource Not Found: Unable to find the specified resource."
                    },
                    "405": {
                        "description": "Method Not Allowed: Specified HTTP method is not allowed for this resource. "
                    },
                    "424": {
                        "description": "Failed Dependency: Fail dependency can be duplicate resource, missing required parameter, missing required attribute, invalid attribute value"
                    },
                    "200": {
                        "description": "OK: Request returns successful"
                    },
                    "500": {
                        "description": "Internal Server Error: Internal error when processing the request "
                    },
                    "413": {
                        "description": "Request Entity Too Large: Request cannot be processed due to large entity "
                    },
                    "429": {
                        "description": "Access temporarily blocked: Maximum failed authentications reached. The offended source is temporarily blocked for certain amount of time."
                    }
                },
                "parameters": [
                    {
                        "name": "body",
                        "in": "body",
                        "description": "Possible parameters to go in the body for the request.",
                        "required": true,
                        "schema": {
                            "properties": {
                                "type": {
                                    "description": "Type of certificate.[local|pkcs12|regular]",
                                    "type": "string"
                                },
                                "certname": {
                                    "description": "Certificate name for pkcs12 and regular certificate types.",
                                    "type": "string"
                                },
                                "password": {
                                    "description": "Optional password for pkcs12 and regular certificate types.",
                                    "type": "string"
                                },
                                "key_file_content": {
                                    "description": "Key content encoded in BASE64 for regular certificate type.",
                                    "type": "string"
                                },
                                "scope": {
                                    "description": "Scope of local certificate [vdom*|global]. Global scope is only accessible for global administrators",
                                    "type": "string"
                                },
                                "file_content": {
                                    "description": "Provided when uploading a file: base64 encoded file data. Must not contain whitespace or other invalid base64 characters. Must be included in HTTP body.",
                                    "type": "string"
                                }
                            }
                        }
                    }
                ],
                "tags": [
                    "vpn-certificate"
                ]
            }
        },
        "\/vpn-certificate\/remote\/import": {
            "post": {
                "summary": "Import remote certificate.\nAccess Group: vpngrp",
                "responses": {
                    "400": {
                        "description": "Bad Request: Request cannot be processed by the API"
                    },
                    "401": {
                        "description": "Not Authorized: Request without successful login session"
                    },
                    "403": {
                        "description": "Forbidden: Request is missing CSRF token or administrator is missing access profile permissions."
                    },
                    "404": {
                        "description": "Resource Not Found: Unable to find the specified resource."
                    },
                    "405": {
                        "description": "Method Not Allowed: Specified HTTP method is not allowed for this resource. "
                    },
                    "424": {
                        "description": "Failed Dependency: Fail dependency can be duplicate resource, missing required parameter, missing required attribute, invalid attribute value"
                    },
                    "200": {
                        "description": "OK: Request returns successful"
                    },
                    "500": {
                        "description": "Internal Server Error: Internal error when processing the request "
                    },
                    "413": {
                        "description": "Request Entity Too Large: Request cannot be processed due to large entity "
                    },
                    "429": {
                        "description": "Access temporarily blocked: Maximum failed authentications reached. The offended source is temporarily blocked for certain amount of time."
                    }
                },
                "parameters": [
                    {
                        "name": "body",
                        "in": "body",
                        "description": "Possible parameters to go in the body for the request.",
                        "required": true,
                        "schema": {
                            "properties": {
                                "scope": {
                                    "description": "Scope of CRL [vdom*|global]. Global scope is only accessible for global administrators",
                                    "type": "string"
                                },
                                "file_content": {
                                    "description": "Provided when uploading a file: base64 encoded file data. Must not contain whitespace or other invalid base64 characters. Must be included in HTTP body.",
                                    "type": "string"
                                }
                            }
                        }
                    }
                ],
                "tags": [
                    "vpn-certificate"
                ]
            }
        },
        "\/vpn-certificate\/csr\/generate": {
            "post": {
                "summary": "Generate a certificate signing request (CSR) and a private key. The CSR can be retrieved \/ downloaded from CLI, GUI and REST API.\nAccess Group: vpngrp",
                "responses": {
                    "400": {
                        "description": "Bad Request: Request cannot be processed by the API"
                    },
                    "401": {
                        "description": "Not Authorized: Request without successful login session"
                    },
                    "403": {
                        "description": "Forbidden: Request is missing CSRF token or administrator is missing access profile permissions."
                    },
                    "404": {
                        "description": "Resource Not Found: Unable to find the specified resource."
                    },
                    "405": {
                        "description": "Method Not Allowed: Specified HTTP method is not allowed for this resource. "
                    },
                    "424": {
                        "description": "Failed Dependency: Fail dependency can be duplicate resource, missing required parameter, missing required attribute, invalid attribute value"
                    },
                    "200": {
                        "description": "OK: Request returns successful"
                    },
                    "500": {
                        "description": "Internal Server Error: Internal error when processing the request "
                    },
                    "413": {
                        "description": "Request Entity Too Large: Request cannot be processed due to large entity "
                    },
                    "429": {
                        "description": "Access temporarily blocked: Maximum failed authentications reached. The offended source is temporarily blocked for certain amount of time."
                    }
                },
                "parameters": [
                    {
                        "name": "body",
                        "in": "body",
                        "description": "Possible parameters to go in the body for the request.",
                        "required": true,
                        "schema": {
                            "properties": {
                                "certname": {
                                    "description": "Certicate name. Used to retrieve \/ download the CSR. Not included in CSR and key content.",
                                    "type": "string"
                                },
                                "subject": {
                                    "description": "Subject (Host IP\/Domain Name\/E-Mail). Common Name (CN) of the certificate subject.",
                                    "type": "string"
                                },
                                "keytype": {
                                    "description": "Generate a RSA or an elliptic curve certificate request [rsa|ec]. The Elliptic Curve option is unavailable if the FortiGate is a Low Encryption Device (LENC)",
                                    "type": "string"
                                },
                                "keysize": {
                                    "description": "Key size.[1024|1536|2048|4096]. 512 only if the FortiGate is a Low Encryption Device (LENC). Required when keytype is RSA.",
                                    "type": "integer"
                                },
                                "curvename": {
                                    "description": "Elliptic curve name. [secp256r1|secp384r1|secp521r1]. Unavailable if the FortiGate is a Low Encryption Device (LENC). Required when keytype is ec.",
                                    "type": "string"
                                },
                                "orgunits": {
                                    "description": "List of organization units. Organization Units (OU) of the certificate subject.",
                                    "type": "array",
                                    "items": {
                                        "type": "string"
                                    }
                                },
                                "org": {
                                    "description": "Organization (O) of the certificate subject.",
                                    "type": "string"
                                },
                                "city": {
                                    "description": "Locality (L) of the certificate subject.",
                                    "type": "string"
                                },
                                "state": {
                                    "description": "State (ST) of the certificate subject.",
                                    "type": "string"
                                },
                                "countrycode": {
                                    "description": "Country (C) of the certificate subject.",
                                    "type": "string"
                                },
                                "email": {
                                    "description": "Email of the certificate subject.",
                                    "type": "string"
                                },
                                "sub_alt_name": {
                                    "description": "Subject alternative name (SAN) of the certificate.",
                                    "type": "string"
                                },
                                "password": {
                                    "description": "Password \/ pass phrase for the private key. If not provided, FortiGate generates a random one.",
                                    "type": "string"
                                },
                                "scep_url": {
                                    "description": "SCEP server URL. If provided, use the url to enroll the csr through SCEP.",
                                    "type": "string"
                                },
                                "scep_password": {
                                    "description": "SCEP challenge password. Some SCEP servers may require challege password. Provide it when SCEP server requires.",
                                    "type": "string"
                                },
                                "scope": {
                                    "description": "Scope of CSR [vdom*|global]. Global scope is only accessible for global administrators",
                                    "type": "string"
                                }
                            }
                        }
                    }
                ],
                "tags": [
                    "vpn-certificate"
                ]
            }
        }
    }
}