{
    "swagger": "2.0",
    "info": {
        "termsOfService": "http:\/\/fortinet.com\/terms\/",
        "version": "v2",
        "contact": {
            "url": "http:\/\/modskristensen.net",
            "name": "FortiOS Web Application Team",
            "email": "fosguiqateam@fortinet.com"
        },
        "description": "REST API for configuring FortiOS objects and settings",
        "title": "FortiOS Monitor"
    },
    "host": "172.16.177.65",
    "basePath": "\/api\/v2\/monitor",
    "schemes": [
        "https"
    ],
    "consumes": [
        "application\/json"
    ],
    "produces": [
        "application\/json"
    ],
    "securityDefinitions": {
        "APIKeyQueryParam": {
            "type": "apiKey",
            "name": "access_token",
            "in": "query"
        }
    },
    "security": [
        {
            "APIKeyQueryParam": []
        }
    ],
    "paths": {
        "\/endpoint-control\/record-list": {
            "get": {
                "summary": "List endpoint records.\nAccess Group: utmgrp.endpoint-control",
                "responses": {
                    "400": {
                        "description": "Bad Request: Request cannot be processed by the API"
                    },
                    "401": {
                        "description": "Not Authorized: Request without successful login session"
                    },
                    "403": {
                        "description": "Forbidden: Request is missing CSRF token or administrator is missing access profile permissions."
                    },
                    "404": {
                        "description": "Resource Not Found: Unable to find the specified resource."
                    },
                    "405": {
                        "description": "Method Not Allowed: Specified HTTP method is not allowed for this resource. "
                    },
                    "424": {
                        "description": "Failed Dependency: Fail dependency can be duplicate resource, missing required parameter, missing required attribute, invalid attribute value"
                    },
                    "200": {
                        "description": "OK: Request returns successful"
                    },
                    "500": {
                        "description": "Internal Server Error: Internal error when processing the request "
                    },
                    "413": {
                        "description": "Request Entity Too Large: Request cannot be processed due to large entity "
                    },
                    "429": {
                        "description": "Access temporarily blocked: Maximum failed authentications reached. The offended source is temporarily blocked for certain amount of time."
                    }
                },
                "parameters": [
                    {
                        "name": "intf_name",
                        "in": "query",
                        "description": "Filter: Name of interface where the endpoint was detected.",
                        "required": false,
                        "type": "string"
                    }
                ],
                "tags": [
                    "endpoint-control"
                ]
            }
        },
        "\/endpoint-control\/summary": {
            "get": {
                "summary": "Summary of FortiClient endpoint records.\nAccess Group: utmgrp.endpoint-control",
                "responses": {
                    "400": {
                        "description": "Bad Request: Request cannot be processed by the API"
                    },
                    "401": {
                        "description": "Not Authorized: Request without successful login session"
                    },
                    "403": {
                        "description": "Forbidden: Request is missing CSRF token or administrator is missing access profile permissions."
                    },
                    "404": {
                        "description": "Resource Not Found: Unable to find the specified resource."
                    },
                    "405": {
                        "description": "Method Not Allowed: Specified HTTP method is not allowed for this resource. "
                    },
                    "424": {
                        "description": "Failed Dependency: Fail dependency can be duplicate resource, missing required parameter, missing required attribute, invalid attribute value"
                    },
                    "200": {
                        "description": "OK: Request returns successful"
                    },
                    "500": {
                        "description": "Internal Server Error: Internal error when processing the request "
                    },
                    "413": {
                        "description": "Request Entity Too Large: Request cannot be processed due to large entity "
                    },
                    "429": {
                        "description": "Access temporarily blocked: Maximum failed authentications reached. The offended source is temporarily blocked for certain amount of time."
                    }
                },
                "tags": [
                    "endpoint-control"
                ]
            }
        },
        "\/endpoint-control\/installer": {
            "get": {
                "summary": "List available FortiClient installers.\nAccess Group: utmgrp.endpoint-control",
                "responses": {
                    "400": {
                        "description": "Bad Request: Request cannot be processed by the API"
                    },
                    "401": {
                        "description": "Not Authorized: Request without successful login session"
                    },
                    "403": {
                        "description": "Forbidden: Request is missing CSRF token or administrator is missing access profile permissions."
                    },
                    "404": {
                        "description": "Resource Not Found: Unable to find the specified resource."
                    },
                    "405": {
                        "description": "Method Not Allowed: Specified HTTP method is not allowed for this resource. "
                    },
                    "424": {
                        "description": "Failed Dependency: Fail dependency can be duplicate resource, missing required parameter, missing required attribute, invalid attribute value"
                    },
                    "200": {
                        "description": "OK: Request returns successful"
                    },
                    "500": {
                        "description": "Internal Server Error: Internal error when processing the request "
                    },
                    "413": {
                        "description": "Request Entity Too Large: Request cannot be processed due to large entity "
                    },
                    "429": {
                        "description": "Access temporarily blocked: Maximum failed authentications reached. The offended source is temporarily blocked for certain amount of time."
                    }
                },
                "parameters": [
                    {
                        "name": "min_version",
                        "in": "query",
                        "description": "Filter: Minimum installer version. (String of the format n[.n[.n]]).",
                        "required": false,
                        "type": "string"
                    }
                ],
                "tags": [
                    "endpoint-control"
                ]
            }
        },
        "\/endpoint-control\/installer\/download": {
            "get": {
                "summary": "Download a FortiClient installer via FortiGuard.\nAccess Group: utmgrp.endpoint-control",
                "responses": {
                    "400": {
                        "description": "Bad Request: Request cannot be processed by the API"
                    },
                    "401": {
                        "description": "Not Authorized: Request without successful login session"
                    },
                    "403": {
                        "description": "Forbidden: Request is missing CSRF token or administrator is missing access profile permissions."
                    },
                    "404": {
                        "description": "Resource Not Found: Unable to find the specified resource."
                    },
                    "405": {
                        "description": "Method Not Allowed: Specified HTTP method is not allowed for this resource. "
                    },
                    "424": {
                        "description": "Failed Dependency: Fail dependency can be duplicate resource, missing required parameter, missing required attribute, invalid attribute value"
                    },
                    "200": {
                        "description": "OK: Request returns successful"
                    },
                    "500": {
                        "description": "Internal Server Error: Internal error when processing the request "
                    },
                    "413": {
                        "description": "Request Entity Too Large: Request cannot be processed due to large entity "
                    },
                    "429": {
                        "description": "Access temporarily blocked: Maximum failed authentications reached. The offended source is temporarily blocked for certain amount of time."
                    }
                },
                "parameters": [
                    {
                        "name": "mkey",
                        "in": "query",
                        "description": "Name of installer (image_id).",
                        "required": true,
                        "type": "string"
                    }
                ],
                "tags": [
                    "endpoint-control"
                ]
            }
        },
        "\/endpoint-control\/avatar\/download": {
            "get": {
                "summary": "Download an endpoint avatar image.\nAccess Group: utmgrp.endpoint-control",
                "responses": {
                    "400": {
                        "description": "Bad Request: Request cannot be processed by the API"
                    },
                    "401": {
                        "description": "Not Authorized: Request without successful login session"
                    },
                    "403": {
                        "description": "Forbidden: Request is missing CSRF token or administrator is missing access profile permissions."
                    },
                    "404": {
                        "description": "Resource Not Found: Unable to find the specified resource."
                    },
                    "405": {
                        "description": "Method Not Allowed: Specified HTTP method is not allowed for this resource. "
                    },
                    "424": {
                        "description": "Failed Dependency: Fail dependency can be duplicate resource, missing required parameter, missing required attribute, invalid attribute value"
                    },
                    "200": {
                        "description": "OK: Request returns successful"
                    },
                    "500": {
                        "description": "Internal Server Error: Internal error when processing the request "
                    },
                    "413": {
                        "description": "Request Entity Too Large: Request cannot be processed due to large entity "
                    },
                    "429": {
                        "description": "Access temporarily blocked: Maximum failed authentications reached. The offended source is temporarily blocked for certain amount of time."
                    }
                },
                "parameters": [
                    {
                        "name": "uid",
                        "in": "query",
                        "description": "Single FortiClient UID.",
                        "required": false,
                        "type": "string"
                    },
                    {
                        "name": "user",
                        "in": "query",
                        "description": "User name of the endpoint.",
                        "required": false,
                        "type": "string"
                    },
                    {
                        "name": "fingerprint",
                        "in": "query",
                        "description": "Avatar fingerprint.",
                        "required": false,
                        "type": "string"
                    },
                    {
                        "name": "default",
                        "in": "query",
                        "description": "Default avatar name ['authuser'|'unauthuser'|'authuser_72'|'unauthuser_72']. Default avatar when endpoint \/ device avatar is not available. If default is not set, Not found 404 is returned.",
                        "required": false,
                        "type": "string"
                    }
                ],
                "tags": [
                    "endpoint-control"
                ]
            }
        },
        "\/endpoint-control\/ems\/status": {
            "get": {
                "summary": "Retrieve EMS connection status for a specific EMS.\nAccess Group: utmgrp.endpoint-control",
                "responses": {
                    "400": {
                        "description": "Bad Request: Request cannot be processed by the API"
                    },
                    "401": {
                        "description": "Not Authorized: Request without successful login session"
                    },
                    "403": {
                        "description": "Forbidden: Request is missing CSRF token or administrator is missing access profile permissions."
                    },
                    "404": {
                        "description": "Resource Not Found: Unable to find the specified resource."
                    },
                    "405": {
                        "description": "Method Not Allowed: Specified HTTP method is not allowed for this resource. "
                    },
                    "424": {
                        "description": "Failed Dependency: Fail dependency can be duplicate resource, missing required parameter, missing required attribute, invalid attribute value"
                    },
                    "200": {
                        "description": "OK: Request returns successful",
                        "schema": {
                            "title": "EMS Status",
                            "description": "Retrieve EMS connection status for a specific EMS.",
                            "type": "object",
                            "required": [
                                "ems_name",
                                "ems_status_id",
                                "ems_status"
                            ],
                            "properties": {
                                "ems_name": {
                                    "type": "string",
                                    "title": "EMS Name",
                                    "description": "EMS server name (as defined in CLI table endpoint-control.fctems)."
                                },
                                "ems_status_id": {
                                    "type": "integer",
                                    "title": "Connection Status ID",
                                    "description": "Connection status ID.",
                                    "enum": [
                                        1,
                                        0,
                                        -1,
                                        -2,
                                        -3,
                                        -4,
                                        -5,
                                        -9999
                                    ]
                                },
                                "ems_status": {
                                    "type": "string",
                                    "title": "Connection Status",
                                    "description": "Connection status.",
                                    "enum": [
                                        "auth_pending",
                                        "success",
                                        "not_reachable",
                                        "no_api",
                                        "auth_failed",
                                        "cert_untrusted",
                                        "cert_unauthorized",
                                        "cert_unconfigured",
                                        "other"
                                    ]
                                }
                            }
                        }
                    },
                    "500": {
                        "description": "Internal Server Error: Internal error when processing the request "
                    },
                    "413": {
                        "description": "Request Entity Too Large: Request cannot be processed due to large entity "
                    },
                    "429": {
                        "description": "Access temporarily blocked: Maximum failed authentications reached. The offended source is temporarily blocked for certain amount of time."
                    }
                },
                "parameters": [
                    {
                        "name": "ems_name",
                        "in": "query",
                        "description": "EMS server name (as defined in CLI table endpoint-control.fctems).",
                        "required": true,
                        "type": "string"
                    }
                ],
                "tags": [
                    "endpoint-control"
                ]
            }
        },
        "\/endpoint-control\/ems\/cert-status": {
            "get": {
                "summary": "Retrieve authentication status of the EMS server certificate for a specific EMS.\nAccess Group: utmgrp.endpoint-control",
                "responses": {
                    "400": {
                        "description": "Bad Request: Request cannot be processed by the API"
                    },
                    "401": {
                        "description": "Not Authorized: Request without successful login session"
                    },
                    "403": {
                        "description": "Forbidden: Request is missing CSRF token or administrator is missing access profile permissions."
                    },
                    "404": {
                        "description": "Resource Not Found: Unable to find the specified resource."
                    },
                    "405": {
                        "description": "Method Not Allowed: Specified HTTP method is not allowed for this resource. "
                    },
                    "424": {
                        "description": "Failed Dependency: Fail dependency can be duplicate resource, missing required parameter, missing required attribute, invalid attribute value"
                    },
                    "200": {
                        "description": "OK: Request returns successful",
                        "schema": {
                            "title": "EMS Certificate Status",
                            "description": "Retrieve authentication status of the EMS server certificate for a specific EMS.",
                            "type": "object",
                            "required": [
                                "ems_name",
                                "status"
                            ],
                            "properties": {
                                "ems_name": {
                                    "type": "string",
                                    "title": "EMS Name",
                                    "description": "EMS server name (as defined in CLI table endpoint-control.fctems)."
                                },
                                "status": {
                                    "type": "string",
                                    "title": "Status",
                                    "description": "Certificate status.",
                                    "enum": [
                                        "success",
                                        "pending",
                                        "error"
                                    ]
                                },
                                "error": {
                                    "type": "string",
                                    "title": "Error",
                                    "description": "Error code.",
                                    "enum": [
                                        "cert_mismatch",
                                        "cert_unverifiable",
                                        "denied",
                                        "internal",
                                        "no_conn",
                                        "no_cert",
                                        "invalid_args"
                                    ]
                                },
                                "cert": {
                                    "type": "object",
                                    "title": "Certificate",
                                    "description": "Details of the EMS server certificate.",
                                    "required": [
                                        "issuer",
                                        "fingerprint",
                                        "status",
                                        "serial_number"
                                    ],
                                    "properties": {
                                        "status": {
                                            "title": "Certificate Status",
                                            "description": "Status of the certificate.",
                                            "type": "string",
                                            "enum": [
                                                "valid",
                                                "invalid",
                                                "expired",
                                                "pending",
                                                "unknown"
                                            ]
                                        },
                                        "valid_from": {
                                            "title": "Valid From",
                                            "description": "Timestamp of the validity start date, in seconds.",
                                            "type": "integer"
                                        },
                                        "valid_to": {
                                            "title": "Valid To",
                                            "description": "Timestamp of the validity end date, in seconds.",
                                            "type": "integer"
                                        },
                                        "valid_from_raw": {
                                            "title": "Valid From Raw",
                                            "description": "Raw validity start date string from the certificate data.",
                                            "type": "string"
                                        },
                                        "valid_to_raw": {
                                            "title": "Valid to Raw",
                                            "description": "Raw validity end date string from the certificate data.",
                                            "type": "string"
                                        },
                                        "signature_algorithm": {
                                            "title": "Signature Algorithm",
                                            "description": "Hashing algorithm used for the signature.",
                                            "type": "string"
                                        },
                                        "subject": {
                                            "title": "Subject",
                                            "description": "Parsed certificate subject string.",
                                            "type": "object",
                                            "properties": {
                                                "C": {
                                                    "title": "Country",
                                                    "description": "Subject country.",
                                                    "type": "string"
                                                },
                                                "ST": {
                                                    "title": "State",
                                                    "description": "Subject state.",
                                                    "type": "string"
                                                },
                                                "L": {
                                                    "title": "Locality",
                                                    "description": "Subject locality.",
                                                    "type": "string"
                                                },
                                                "O": {
                                                    "title": "Organization",
                                                    "description": "Subject organization.",
                                                    "type": "string"
                                                },
                                                "OU": {
                                                    "title": "Organizational Unit",
                                                    "description": "Subject organizational unit.",
                                                    "type": "string"
                                                },
                                                "CN": {
                                                    "title": "Common Name",
                                                    "description": "Subject common name.",
                                                    "type": "string"
                                                }
                                            },
                                            "additionalProperties": {
                                                "title": "Other Subject Properties",
                                                "description": "Additional attributes from the certificate's subject field.",
                                                "type": "string"
                                            }
                                        },
                                        "subject_raw": {
                                            "title": "Subject Raw",
                                            "description": "Raw subject string from certificate data.",
                                            "type": "string"
                                        },
                                        "issuer": {
                                            "title": "Issuer",
                                            "description": "Parsed certificate issuer string.",
                                            "type": "object",
                                            "properties": {
                                                "C": {
                                                    "title": "Country",
                                                    "description": "Issuer country.",
                                                    "type": "string"
                                                },
                                                "ST": {
                                                    "title": "State",
                                                    "description": "Issuer state.",
                                                    "type": "string"
                                                },
                                                "L": {
                                                    "title": "Locality",
                                                    "description": "Issuer locality.",
                                                    "type": "string"
                                                },
                                                "O": {
                                                    "title": "Organization",
                                                    "description": "Issuer organization.",
                                                    "type": "string"
                                                },
                                                "OU": {
                                                    "title": "Organizational Unit",
                                                    "description": "Issuer organizational unit.",
                                                    "type": "string"
                                                },
                                                "CN": {
                                                    "title": "Common Name",
                                                    "description": "Issuer common name.",
                                                    "type": "string"
                                                }
                                            },
                                            "additionalProperties": {
                                                "title": "Other Issuer Properties",
                                                "description": "Additional attributes from the certificate's issuer field.",
                                                "type": "string"
                                            }
                                        },
                                        "issuer_raw": {
                                            "title": "Issuer Raw",
                                            "description": "Raw issuer string from the certificate data.",
                                            "type": "string"
                                        },
                                        "fingerprint": {
                                            "title": "Fingerprint",
                                            "description": "MD5 fingerprint of the certificate.",
                                            "type": "string"
                                        },
                                        "version": {
                                            "title": "Version",
                                            "description": "Certificate version.",
                                            "type": "integer"
                                        },
                                        "is_ca": {
                                            "title": "Is CA",
                                            "description": "True when the certificate is a root certificate authority.",
                                            "type": "boolean"
                                        },
                                        "serial_number": {
                                            "title": "Serial Number",
                                            "description": "The serial number of the certificate.",
                                            "type": "string"
                                        },
                                        "ext": {
                                            "title": "Extensions",
                                            "description": "Additional certificate fields.",
                                            "type": "array",
                                            "items": {
                                                "title": "Extension Field",
                                                "description": "An extension field in this certificate.",
                                                "type": "object",
                                                "properties": {
                                                    "name": {
                                                        "title": "Extension Name",
                                                        "description": "Name of the extension field.",
                                                        "type": "string"
                                                    },
                                                    "data": {
                                                        "title": "Extension Data",
                                                        "description": "Extension field data.",
                                                        "type": "string"
                                                    },
                                                    "critical": {
                                                        "title": "Critical",
                                                        "description": "True when the extension is critical (has a higher priority).",
                                                        "type": "boolean"
                                                    }
                                                }
                                            }
                                        }
                                    }
                                }
                            }
                        }
                    },
                    "500": {
                        "description": "Internal Server Error: Internal error when processing the request "
                    },
                    "413": {
                        "description": "Request Entity Too Large: Request cannot be processed due to large entity "
                    },
                    "429": {
                        "description": "Access temporarily blocked: Maximum failed authentications reached. The offended source is temporarily blocked for certain amount of time."
                    }
                },
                "parameters": [
                    {
                        "name": "ems_name",
                        "in": "query",
                        "description": "EMS server name (as defined in CLI table endpoint-control.fctems).",
                        "required": true,
                        "type": "string"
                    },
                    {
                        "name": "with_cert",
                        "in": "query",
                        "description": "Return detailed certificate information. Available when the certificate is authenticated by installed CA certificates. ",
                        "required": false,
                        "type": "boolean"
                    }
                ],
                "tags": [
                    "endpoint-control"
                ]
            }
        },
        "\/endpoint-control\/ems\/verify-cert": {
            "post": {
                "summary": "Verify EMS server certificate for a specific EMS.\nAccess Group: utmgrp.endpoint-control",
                "responses": {
                    "400": {
                        "description": "Bad Request: Request cannot be processed by the API"
                    },
                    "401": {
                        "description": "Not Authorized: Request without successful login session"
                    },
                    "403": {
                        "description": "Forbidden: Request is missing CSRF token or administrator is missing access profile permissions."
                    },
                    "404": {
                        "description": "Resource Not Found: Unable to find the specified resource."
                    },
                    "405": {
                        "description": "Method Not Allowed: Specified HTTP method is not allowed for this resource. "
                    },
                    "424": {
                        "description": "Failed Dependency: Fail dependency can be duplicate resource, missing required parameter, missing required attribute, invalid attribute value"
                    },
                    "200": {
                        "description": "OK: Request returns successful",
                        "schema": {
                            "title": "Verify EMS Certificate",
                            "description": "Verify EMS server certificate for a specific EMS.",
                            "type": "object",
                            "required": [
                                "ems_name",
                                "status"
                            ],
                            "properties": {
                                "ems_name": {
                                    "type": "string",
                                    "title": "EMS Name",
                                    "description": "EMS server name (as defined in CLI table endpoint-control.fctems)."
                                },
                                "status": {
                                    "type": "string",
                                    "title": "Status",
                                    "description": "Certificate verify status.",
                                    "enum": [
                                        "success",
                                        "error"
                                    ]
                                }
                            }
                        }
                    },
                    "500": {
                        "description": "Internal Server Error: Internal error when processing the request "
                    },
                    "413": {
                        "description": "Request Entity Too Large: Request cannot be processed due to large entity "
                    },
                    "429": {
                        "description": "Access temporarily blocked: Maximum failed authentications reached. The offended source is temporarily blocked for certain amount of time."
                    }
                },
                "parameters": [
                    {
                        "name": "body",
                        "in": "body",
                        "description": "Possible parameters to go in the body for the request.",
                        "required": true,
                        "schema": {
                            "properties": {
                                "ems_name": {
                                    "description": "EMS server name (as defined in CLI table endpoint-control.fctems).",
                                    "type": "string"
                                },
                                "fingerprint": {
                                    "description": "EMS server certificate fingerprint to check with.",
                                    "type": "string"
                                }
                            }
                        }
                    }
                ],
                "tags": [
                    "endpoint-control"
                ]
            }
        },
        "\/endpoint-control\/ems\/status-summary": {
            "get": {
                "summary": "Retrieve status summary for all configured EMS.\nAccess Group: utmgrp.endpoint-control",
                "responses": {
                    "400": {
                        "description": "Bad Request: Request cannot be processed by the API"
                    },
                    "401": {
                        "description": "Not Authorized: Request without successful login session"
                    },
                    "403": {
                        "description": "Forbidden: Request is missing CSRF token or administrator is missing access profile permissions."
                    },
                    "404": {
                        "description": "Resource Not Found: Unable to find the specified resource."
                    },
                    "405": {
                        "description": "Method Not Allowed: Specified HTTP method is not allowed for this resource. "
                    },
                    "424": {
                        "description": "Failed Dependency: Fail dependency can be duplicate resource, missing required parameter, missing required attribute, invalid attribute value"
                    },
                    "200": {
                        "description": "OK: Request returns successful",
                        "schema": {
                            "title": "FortiClient EMS Status Summaries",
                            "description": "List status summaries for configured FortiClient EMS entries.",
                            "type": "array",
                            "items": {
                                "title": "FortiClient EMS Status Summary",
                                "description": "Retrieve status summary of the EMS server.",
                                "type": "object",
                                "required": [
                                    "name",
                                    "cert_status"
                                ],
                                "properties": {
                                    "name": {
                                        "type": "string",
                                        "title": "EMS Name",
                                        "description": "EMS server name (as defined in CLI table endpoint-control.fctems)."
                                    },
                                    "cert_status": {
                                        "type": "object",
                                        "title": "EMS Certificate Status",
                                        "description": "Retrieve authentication status of the EMS server certificate.",
                                        "required": [
                                            "status"
                                        ],
                                        "properties": {
                                            "status": {
                                                "type": "string",
                                                "title": "Status",
                                                "description": "Certificate status.",
                                                "enum": [
                                                    "success",
                                                    "pending",
                                                    "error"
                                                ]
                                            },
                                            "error": {
                                                "type": "string",
                                                "title": "Error",
                                                "description": "Error code.",
                                                "enum": [
                                                    "cert_mismatch",
                                                    "cert_unverifiable",
                                                    "denied",
                                                    "internal",
                                                    "no_conn",
                                                    "no_cert",
                                                    "invalid_args"
                                                ]
                                            }
                                        }
                                    }
                                }
                            }
                        }
                    },
                    "500": {
                        "description": "Internal Server Error: Internal error when processing the request "
                    },
                    "413": {
                        "description": "Request Entity Too Large: Request cannot be processed due to large entity "
                    },
                    "429": {
                        "description": "Access temporarily blocked: Maximum failed authentications reached. The offended source is temporarily blocked for certain amount of time."
                    }
                },
                "tags": [
                    "endpoint-control"
                ]
            }
        }
    }
}