{
    "swagger": "2.0",
    "info": {
        "termsOfService": "http:\/\/fortinet.com\/terms\/",
        "version": "v2",
        "contact": {
            "url": "http:\/\/modskristensen.net",
            "name": "FortiOS Web Application Team",
            "email": "fosguiqateam@fortinet.com"
        },
        "description": "REST API for configuring FortiOS objects and settings",
        "title": "FortiOS Monitor"
    },
    "host": "172.16.177.65",
    "basePath": "\/api\/v2\/monitor",
    "schemes": [
        "https"
    ],
    "consumes": [
        "application\/json"
    ],
    "produces": [
        "application\/json"
    ],
    "securityDefinitions": {
        "APIKeyQueryParam": {
            "type": "apiKey",
            "name": "access_token",
            "in": "query"
        }
    },
    "security": [
        {
            "APIKeyQueryParam": []
        }
    ],
    "paths": {
        "\/fortiview\/statistics": {
            "get": {
                "summary": "Retrieve drill-down and summary data for FortiView (both realtime and historical).\nAccess Group: ftviewgrp",
                "responses": {
                    "400": {
                        "description": "Bad Request: Request cannot be processed by the API"
                    },
                    "401": {
                        "description": "Not Authorized: Request without successful login session"
                    },
                    "403": {
                        "description": "Forbidden: Request is missing CSRF token or administrator is missing access profile permissions."
                    },
                    "404": {
                        "description": "Resource Not Found: Unable to find the specified resource."
                    },
                    "405": {
                        "description": "Method Not Allowed: Specified HTTP method is not allowed for this resource. "
                    },
                    "424": {
                        "description": "Failed Dependency: Fail dependency can be duplicate resource, missing required parameter, missing required attribute, invalid attribute value"
                    },
                    "200": {
                        "description": "OK: Request returns successful"
                    },
                    "500": {
                        "description": "Internal Server Error: Internal error when processing the request "
                    },
                    "413": {
                        "description": "Request Entity Too Large: Request cannot be processed due to large entity "
                    },
                    "429": {
                        "description": "Access temporarily blocked: Maximum failed authentications reached. The offended source is temporarily blocked for certain amount of time."
                    }
                },
                "parameters": [
                    {
                        "name": "realtime",
                        "in": "query",
                        "description": "Set to true to retrieve realtime results (from kernel).",
                        "required": false,
                        "type": "boolean"
                    },
                    {
                        "name": "filter",
                        "in": "query",
                        "description": "A map of filter keys to arrays of values.",
                        "required": false,
                        "type": "string"
                    },
                    {
                        "name": "sessionid",
                        "in": "query",
                        "description": "FortiView request Session ID.",
                        "required": false,
                        "type": "integer"
                    },
                    {
                        "name": "count",
                        "in": "query",
                        "description": "Maximum number of details to return.",
                        "required": false,
                        "type": "integer"
                    },
                    {
                        "name": "device",
                        "in": "query",
                        "description": "FortiView source device [disk|fortianalyzer|forticloud].",
                        "required": false,
                        "type": "string"
                    },
                    {
                        "name": "report_by",
                        "in": "query",
                        "description": "Report by field.",
                        "required": false,
                        "type": "string"
                    },
                    {
                        "name": "sort_by",
                        "in": "query",
                        "description": "Sort by field.",
                        "required": false,
                        "type": "string"
                    },
                    {
                        "name": "chart_only",
                        "in": "query",
                        "description": "Only return graph values in results.",
                        "required": false,
                        "type": "boolean"
                    },
                    {
                        "name": "start",
                        "in": "query",
                        "description": "Start timestamp.",
                        "required": false,
                        "type": "integer"
                    },
                    {
                        "name": "end",
                        "in": "query",
                        "description": "End timestamp.",
                        "required": false,
                        "type": "integer"
                    },
                    {
                        "name": "ip_version",
                        "in": "query",
                        "description": "IP version [*ipv4 | ipv6 | ipboth].",
                        "required": false,
                        "type": "string"
                    }
                ],
                "tags": [
                    "fortiview"
                ]
            }
        },
        "\/fortiview\/session\/cancel": {
            "post": {
                "summary": "Cancel a FortiView request session.\nAccess Group: ftviewgrp",
                "responses": {
                    "400": {
                        "description": "Bad Request: Request cannot be processed by the API"
                    },
                    "401": {
                        "description": "Not Authorized: Request without successful login session"
                    },
                    "403": {
                        "description": "Forbidden: Request is missing CSRF token or administrator is missing access profile permissions."
                    },
                    "404": {
                        "description": "Resource Not Found: Unable to find the specified resource."
                    },
                    "405": {
                        "description": "Method Not Allowed: Specified HTTP method is not allowed for this resource. "
                    },
                    "424": {
                        "description": "Failed Dependency: Fail dependency can be duplicate resource, missing required parameter, missing required attribute, invalid attribute value"
                    },
                    "200": {
                        "description": "OK: Request returns successful"
                    },
                    "500": {
                        "description": "Internal Server Error: Internal error when processing the request "
                    },
                    "413": {
                        "description": "Request Entity Too Large: Request cannot be processed due to large entity "
                    },
                    "429": {
                        "description": "Access temporarily blocked: Maximum failed authentications reached. The offended source is temporarily blocked for certain amount of time."
                    }
                },
                "parameters": [
                    {
                        "name": "body",
                        "in": "body",
                        "description": "Possible parameters to go in the body for the request.",
                        "required": true,
                        "schema": {
                            "properties": {
                                "sessionid": {
                                    "description": "Session ID to cancel.",
                                    "type": "integer"
                                },
                                "device": {
                                    "description": "FortiView request session's device. [disk|faz]",
                                    "type": "string"
                                },
                                "report_by": {
                                    "description": "Report by field.",
                                    "type": "string"
                                },
                                "view_level": {
                                    "description": "FortiView View level.",
                                    "type": "string"
                                }
                            }
                        }
                    }
                ],
                "tags": [
                    "fortiview"
                ]
            }
        }
    }
}